object_id,timestep,labelimage_oid,User Label,Predicted Class,Probability of windget adult,Probability of apterous adult,Probability of nymph,Probability of larvae,Probability of larvae-nymph small,Probability of molt,Euclidean Diameter,Length of the Skeleton,Center of the Skeleton_0,Center of the Skeleton_1,Diameter,Number of Holes,Number of Branches,Average Branch Length,Convex Hull Area,Object Area,Convex Hull Center_0,Convex Hull Center_1,Defect Center_0,Defect Center_1,Kurtosis of Defect Area,Mean Defect Displacement,Mean Defect Area,Number of Defects,Variance of Defect Area,Skewness of Defect Area,Object Center_0,Object Center_1,Convexity,Covariance of Channel Intensity_0,Covariance of Channel Intensity_1,Covariance of Channel Intensity_2,Covariance of Channel Intensity_3,Covariance of Channel Intensity_4,Covariance of Channel Intensity_5,Covariance of Channel Intensity_6,Covariance of Channel Intensity_7,Covariance of Channel Intensity_8,Bounding Box Minimum_0,Bounding Box Minimum_1,Minimum intensity_0,Minimum intensity_1,Minimum intensity_2,Variance of Intensity_0,Variance of Intensity_1,Variance of Intensity_2,Size in pixels,Center of the object_0,Center of the object_1,Principal components of the object_0,Principal components of the object_1,Principal components of the object_2,Principal components of the object_3,PrincipalAxes_0,PrincipalAxes_1,PrincipalAxes_2,PrincipalAxes_3,PrincipalAxes_4,PrincipalAxes_5,PrincipalAxes_6,PrincipalAxes_7,PrincipalAxes_8,Bounding Box Maximum_0,Bounding Box Maximum_1,Skewness of Intensity_0,Skewness of Intensity_1,Skewness of Intensity_2,Mean Intensity_0,Mean Intensity_1,Mean Intensity_2,Radii of the object_0,Radii of the object_1,Kurtosis of Intensity_0,Kurtosis of Intensity_1,Kurtosis of Intensity_2,Total Intensity_0,Total Intensity_1,Total Intensity_2,Maximum intensity_0,Maximum intensity_1,Maximum intensity_2,Covariance of Channel Intensity in neighborhood_0,Covariance of Channel Intensity in neighborhood_1,Covariance of Channel Intensity in neighborhood_2,Covariance of Channel Intensity in neighborhood_3,Covariance of Channel Intensity in neighborhood_4,Covariance of Channel Intensity in neighborhood_5,Covariance of Channel Intensity in neighborhood_6,Covariance of Channel Intensity in neighborhood_7,Covariance of Channel Intensity in neighborhood_8,Minimum intensity in neighborhood_0,Minimum intensity in neighborhood_1,Minimum intensity in neighborhood_2,Variance of Intensity in neighborhood_0,Variance of Intensity in neighborhood_1,Variance of Intensity in neighborhood_2,Skewness of Intensity in neighborhood_0,Skewness of Intensity in neighborhood_1,Skewness of Intensity in neighborhood_2,Mean Intensity in neighborhood_0,Mean Intensity in neighborhood_1,Mean Intensity in neighborhood_2,Kurtosis of Intensity in neighborhood_0,Kurtosis of Intensity in neighborhood_1,Kurtosis of Intensity in neighborhood_2,Total Intensity in neighborhood_0,Total Intensity in neighborhood_1,Total Intensity in neighborhood_2,Maximum intensity in neighborhood_0,Maximum intensity in neighborhood_1,Maximum intensity in neighborhood_2
0,0,1,0,larvae-nymph small,0.0,0.11,0.09983334,0.0,0.7801666,0.01,150.03,1407.0358,1114.0,133.0,175.1249,0.0,84.0,16.750425,10780.0,6977.0,1112.5,133.5,1116.0654,135.92743,-2.835307,57.224525,760.6,5.0,394695.3,-0.42454877,1110.5565,132.17686,0.6472171,78.25121,77.71514,83.36273,77.71514,85.4785,88.495735,83.36273,88.495735,130.0302,1036.0,99.0,28.0,21.0,17.0,78.25121,85.4785,130.0302,6977.0,1110.5565,132.17686,0.9878346,0.15550824,0.15550824,-0.9878346,0.5154704,-0.48134163,-0.70894325,0.54293406,-0.45661512,0.7047874,0.6629577,0.74820644,-0.025965184,1190.0,169.0,1.1053209,1.104215,1.3781451,47.229755,36.955997,40.579044,37.243614,15.617369,1.4687667,1.0065624,1.8451033,329522.0,257842.0,283120.0,88.0,76.0,95.0,669.76794,722.7424,632.7945,722.7424,794.09106,694.1723,632.7945,694.1723,704.27625,30.0,23.0,33.0,669.76794,794.09106,704.27625,-0.9585884,-0.8626214,-0.762838,113.26943,105.15325,114.16513,-0.2179293,-0.48294967,-0.20877667,1573539.0,1460789.0,1585982.0,145.0,140.0,155.0
1,0,2,0,nymph,0.09,0.415,0.465,0.0,0.03,0.0,339.507,1543.6997,1323.0,281.0,428.93103,4.0,10.0,102.01291,88044.0,51270.0,1306.5,284.0,1295.6378,309.61197,3.7157571,138.60957,4596.75,8.0,52990620.0,1.919561,1314.291,265.62952,0.5823225,188.27481,169.98216,150.00844,169.98216,169.71294,154.39626,150.00844,154.39626,188.08214,1169.0,125.0,3.0,1.0,2.0,188.27481,169.71294,188.08214,51270.0,1314.291,265.62952,0.69309026,-0.7208508,0.7208508,0.69309026,0.5894718,-0.55909747,-0.5830377,0.5725437,-0.21998191,0.7898112,0.5698392,0.799386,-0.19043458,1445.0,444.0,1.4310191,1.6829778,2.0420184,32.804504,25.6024,31.048664,76.367714,56.14186,2.5304086,3.4779816,4.9431086,1681887.0,1312635.0,1591865.0,123.0,122.0,121.0,699.6014,741.2108,628.6065,741.2108,800.94885,681.4332,628.6065,681.4332,663.2246,19.0,16.0,14.0,699.6014,800.94885,663.2246,-1.0860996,-0.99249035,-0.8267569,114.19756,106.629486,113.60002,-0.027211783,-0.3180298,-0.24201767,3674535.0,3431017.0,3655308.0,148.0,145.0,151.0
2,0,3,0,molt,0.0,0.0,0.0,0.09,0.0,0.91,39.59798,98.15433,622.0,234.0,78.42641,0.0,3.0,32.71811,1188.0,578.0,610.5,235.0,610.22296,235.76558,1.3225613,13.441044,122.0,5.0,8981.5,0.590134,610.79236,234.19205,0.48653197,166.99307,163.09251,95.44545,163.09251,166.9247,96.14198,95.44545,96.14198,76.84369,593.0,219.0,82.0,71.0,88.0,166.99307,166.9247,76.84369,578.0,610.79236,234.19205,0.4533483,-0.89133346,0.89133346,0.4533483,0.6483085,-0.30467066,-0.6977621,0.6489138,-0.25826177,0.7156897,0.39825493,0.9167751,-0.030271687,629.0,252.0,-0.1443065,-0.0700627,-0.27291194,105.05882,96.39793,109.22145,8.827097,7.9634085,-1.2266614,-1.1259971,-0.8246535,60724.0,55718.0,63130.0,131.0,125.0,129.0,153.53467,166.96658,147.41258,166.96658,189.69173,164.70381,147.41258,164.70381,162.89116,80.0,72.0,90.0,153.53467,189.69173,162.89116,-1.3726186,-1.2733078,-1.088367,123.96886,117.57375,132.41199,0.9524769,0.670489,0.53909504,800095.0,758821.0,854587.0,140.0,134.0,155.0
3,0,4,0,larvae-nymph small,0.0,0.04,0.0,0.0,0.95,0.01,109.370926,1034.9747,1977.0,298.0,124.91169,0.0,66.0,15.681436,7056.0,4846.0,1977.5,297.0,1975.1389,295.31177,-4.6340294,44.279682,552.5,4.0,177357.67,0.23449855,1978.5768,297.76993,0.68679136,47.943798,54.235912,70.05221,54.235912,72.04083,96.48567,70.05221,96.48567,171.24887,1922.0,266.0,48.0,26.0,14.0,47.943798,72.04083,171.24887,4846.0,1978.5768,297.76993,0.96180606,-0.27373183,-0.27373183,-0.96180606,0.37526137,-0.6377224,-0.67267305,0.49524617,-0.47549698,0.7270721,0.78352416,0.6059808,-0.1373939,2034.0,329.0,0.46859655,0.6443267,1.0330021,66.09781,46.588116,41.07594,27.752422,13.970761,0.002756936,-0.13619189,0.77141225,320310.0,225766.0,199054.0,91.0,77.0,94.0,382.00937,449.31174,497.70367,449.31174,540.1535,603.8732,497.70367,603.8732,731.0555,50.0,27.0,33.0,382.00937,540.1535,731.0555,-1.1117239,-1.0648186,-1.0494384,125.42138,116.269485,126.47473,0.14159827,-0.058185253,0.050021794,1382269.0,1281406.0,1393878.0,152.0,145.0,161.0
4,0,5,0,apterous adult,0.1,0.67,0.23,0.0,0.0,0.0,329.67407,1078.8376,1599.0,392.0,421.1493,5.0,3.0,212.3479,95700.0,66993.0,1632.5,423.0,1588.4913,407.72528,5.07155,163.92493,2392.25,12.0,18587730.0,2.1913078,1651.358,429.54532,0.70003134,109.05029,96.652405,104.31533,96.652405,101.735176,111.59076,104.31533,111.59076,167.66388,1459.0,286.0,0.0,0.0,0.0,109.05029,101.735176,167.66388,66993.0,1651.358,429.54532,0.9623435,-0.27183637,-0.27183637,-0.9623435,0.5257064,-0.6343468,-0.56677765,0.52871406,-0.27830032,0.8018793,0.66640395,0.7212164,-0.18908378,1807.0,561.0,3.3798978,3.9668148,3.155406,22.052334,16.851297,25.451181,83.72201,65.42929,22.606762,28.673622,12.865348,1477352.0,1128919.0,1705051.0,136.0,130.0,126.0,874.0271,898.74945,780.6384,898.74945,941.86456,823.1527,780.6384,823.1527,810.89374,14.0,8.0,7.0,874.0271,941.86456,810.89374,-1.4065353,-1.2508863,-1.0971802,115.56983,108.28881,114.826706,0.8451915,0.36632732,0.5825661,3832758.0,3591290.0,3808113.0,147.0,139.0,151.0
5,0,6,0,molt,0.0,0.0,0.01,0.03,0.36,0.6,31.622776,255.10765,438.0,389.0,191.2376,0.0,4.0,63.776913,10332.0,5910.0,428.5,386.5,433.18387,396.75372,-0.72533715,46.712723,1105.5,4.0,530953.7,-0.55933845,424.99542,378.8279,0.57200927,131.18031,136.47195,153.9697,136.47195,151.37384,173.34665,153.9697,173.34665,297.56726,388.0,324.0,49.0,25.0,28.0,131.18031,151.37384,297.56726,5910.0,424.99542,378.8279,-0.052880507,-0.99860084,0.99860084,-0.052880507,0.46568832,-0.5406678,-0.7005803,0.512008,-0.4810896,0.7116183,0.72179097,0.69009507,-0.052788407,470.0,450.0,1.0965768,1.1622527,0.82285476,77.47462,64.34822,62.08274,32.087563,18.568953,1.387099,1.739505,0.11018542,457875.0,380298.0,366909.0,124.0,116.0,116.0,256.24792,299.88733,292.62988,299.88733,360.57977,351.15247,292.62988,351.15247,409.19986,55.0,35.0,54.0,256.24792,360.57977,409.19986,-0.9831263,-0.8858666,-0.6558781,118.036194,109.737236,119.59055,-0.027192168,-0.3171263,-0.4418623,1604584.0,1491768.0,1625714.0,139.0,133.0,152.0
6,0,7,0,molt,0.0,0.0,0.0,0.09,0.0,0.91,7.071068,98.63961,1494.0,374.0,28.384777,0.0,16.0,6.1649756,418.0,279.0,1494.0,373.5,1493.3165,373.6403,0.13918172,9.793976,27.8,5.0,240.7,0.38167363,1494.3405,373.4301,0.66746414,157.24957,184.54073,60.5604,184.54073,226.99074,70.87958,60.5604,70.87958,39.109287,1485.0,363.0,80.0,61.0,77.0,157.24957,226.99074,39.109287,279.0,1494.3405,373.4301,0.002154496,-0.9999977,0.9999977,0.002154496,0.6188812,-0.06373266,-0.78289473,0.74541444,-0.2666231,0.61095774,0.24767579,0.9616914,0.1175008,1504.0,385.0,1.0192441,0.9452146,0.4594556,99.394264,86.16487,89.469536,5.4760475,4.446673,0.1968539,-0.18298115,-0.63814765,27731.0,24040.0,24962.0,134.0,123.0,104.0,450.02707,466.7923,287.40985,466.7923,503.44662,311.25275,287.40985,311.25275,245.45557,26.0,29.0,62.0,450.02707,503.44662,245.45557,-1.9817752,-1.6066155,-0.8220582,121.6802,114.22227,121.167015,3.812721,1.9364796,0.1356926,581388.0,545754.0,578936.0,146.0,137.0,147.0
7,0,8,0,molt,0.0,0.0,0.0,0.05,0.02,0.93,50.159744,77.1127,1135.0,397.0,56.62742,0.0,4.0,19.278175,1122.0,578.0,1136.0,393.5,1140.1066,390.27573,3.5367072,18.217844,108.8,5.0,19424.7,1.8674625,1132.1349,396.5346,0.5151515,145.90631,133.45514,106.79355,133.45514,131.86766,103.22901,106.79355,103.22901,109.67387,1111.0,383.0,49.0,44.0,54.0,145.90631,131.86766,109.67387,578.0,1132.1349,396.5346,0.9936489,0.112524904,0.112524904,-0.9936489,0.62283295,-0.41807768,-0.6612792,0.5936671,-0.2979461,0.7475209,0.50954735,0.8581603,-0.06262833,1162.0,405.0,0.45332876,0.45780247,0.62070465,77.60727,68.45848,78.07786,12.18342,4.310089,-0.0016534326,0.1674105,-0.18065381,44857.0,39569.0,45129.0,120.0,111.0,106.0,919.2935,930.866,863.2086,930.866,953.7143,881.53064,863.2086,881.53064,870.9067,18.0,11.0,19.0,919.2935,953.7143,870.9067,-1.0525341,-0.9089815,-0.724014,106.02636,97.88351,102.05083,0.04194672,-0.29781315,-0.37316614,671677.0,620092.0,646492.0,142.0,136.0,145.0
8,0,9,0,apterous adult,0.06,0.564,0.366,0.0,0.01,0.0,338.21295,985.53107,1066.0,454.0,457.6884,2.0,4.0,232.6579,103474.0,69330.0,1087.0,546.5,1059.4943,560.18994,2.592982,168.09258,4268.0,8.0,34196400.0,1.5982317,1100.5461,539.7579,0.6700234,133.89418,123.47155,129.61136,123.47155,134.77853,143.41217,129.61136,143.41217,199.72134,893.0,414.0,2.0,0.0,0.0,133.89418,134.77853,199.72134,69330.0,1100.5461,539.7579,0.955337,0.29551864,0.29551864,-0.955337,0.5242261,-0.6406785,-0.5609973,0.54716504,-0.25137976,0.798385,0.6525315,0.7254924,-0.21877703,1282.0,680.0,2.8355303,3.184606,2.6118858,25.226944,17.734877,25.62615,93.45811,60.232525,13.334131,15.547528,8.120542,1748984.0,1229559.0,1776661.0,131.0,129.0,124.0,637.9276,680.7287,585.4841,680.7287,742.38824,641.99445,585.4841,641.99445,633.6602,16.0,12.0,10.0,637.9276,742.38824,633.6602,-1.4057827,-1.2943121,-1.0121857,116.297226,109.19438,115.366135,1.0045377,0.5454631,0.21683906,3998415.0,3754212.0,3966403.0,145.0,137.0,150.0
9,0,10,0,larvae-nymph small,0.0,0.0,0.0,0.0,1.0,0.0,107.70329,1126.1707,382.0,518.0,124.225395,0.0,77.0,14.625593,8066.0,5260.0,379.5,519.0,376.18604,529.58765,2.6906326,44.26904,701.5,4.0,351920.34,1.4522139,381.26788,513.3519,0.65212,84.41871,86.75513,99.0717,86.75513,98.85064,115.02259,99.0717,115.02259,185.12624,343.0,465.0,28.0,12.0,15.0,84.41871,98.85064,185.12624,5260.0,381.26788,513.3519,0.3325769,-0.94307613,0.94307613,0.3325769,0.46566492,-0.57796335,-0.67016006,0.5220037,-0.43211412,0.7353839,0.71461064,0.69226855,-0.100478634,417.0,574.0,0.94340014,1.1306367,1.0406578,55.94734,39.559505,39.986122,28.055387,15.620718,1.9502007,1.6798581,0.5201367,294283.0,208083.0,210327.0,100.0,86.0,91.0,401.20554,458.22214,425.48138,458.22214,534.62463,498.39743,425.48138,498.39743,544.43555,50.0,36.0,39.0,401.20554,534.62463,544.43555,-0.81251526,-0.6851878,-0.6028939,111.355446,102.02832,110.81228,-0.43467265,-0.72316957,-0.5765295,1309206.0,1199547.0,1302820.0,140.0,132.0,149.0
10,0,11,0,larvae-nymph small,0.0,0.0,0.03,0.01,0.96,0.0,144.81023,1490.5748,2083.0,557.0,164.36754,0.0,84.0,17.744938,11786.0,7008.0,2080.5,564.0,2076.239,569.1655,-2.6116812,52.58018,1194.5,4.0,1140119.0,0.5823162,2083.405,560.47815,0.5946038,47.890892,46.02523,47.99373,46.02523,53.242355,59.02723,47.99373,59.02723,109.32054,2010.0,523.0,34.0,23.0,14.0,47.890892,53.242355,109.32054,7008.0,2083.405,560.47815,0.929434,0.36898836,0.36898836,-0.929434,0.44709042,-0.61809886,-0.64657867,0.5082167,-0.41931137,0.75225914,0.7360883,0.6649299,-0.12665802,2152.0,606.0,0.5350448,0.7422611,1.1030254,53.464897,41.086617,37.148544,35.457798,16.381693,0.27652314,0.34059232,1.1978873,374682.0,287935.0,260337.0,84.0,74.0,83.0,551.7939,598.41113,654.2642,598.41113,660.29474,729.0938,654.2642,729.0938,873.383,50.0,39.0,32.0,551.7939,660.29474,873.383,-1.2124071,-1.1527523,-1.1246637,123.47649,115.50627,126.02052,0.20694783,-0.022125825,0.18339317,1654338.0,1547553.0,1688423.0,150.0,142.0,162.0
11,0,12,0,apterous adult,0.07,0.559,0.341,0.0,0.02,0.01,514.1984,871.9504,954.0,816.0,723.35236,2.0,2.0,361.67618,228980.0,95464.0,989.0,747.5,1000.7789,723.095,4.36275,186.85446,14835.111,9.0,752210240.0,2.1395812,972.52606,781.63293,0.41690978,257.12607,225.8538,198.68552,225.8538,212.56268,187.2441,198.68552,187.2441,208.89162,722.0,534.0,0.0,0.0,0.0,257.12607,212.56268,208.89162,95464.0,972.52606,781.63293,0.88658047,0.46257445,0.46257445,-0.88658047,0.62137,-0.5029147,-0.6008129,0.56925076,-0.23713483,0.78722334,0.53837985,0.8311702,-0.13893612,1257.0,962.0,1.5189688,1.7860494,2.274496,27.632793,22.377754,28.49647,157.93651,61.834743,3.1359384,5.2591248,6.9728856,2637937.0,2136270.0,2720387.0,133.0,126.0,123.0,688.53094,728.66974,657.77484,728.66974,783.7106,706.78186,657.77484,706.78186,710.8038,22.0,16.0,16.0,688.53094,783.7106,710.8038,-1.1041712,-0.99998236,-0.8851228,112.957344,105.616295,111.24565,-0.075566776,-0.38443497,-0.25401568,6129969.0,5731585.0,6037079.0,142.0,137.0,149.0
12,0,13,0,nymph,0.1,0.415,0.465,0.0,0.02,0.0,341.35318,7092.1733,1576.0,728.0,385.54623,0.0,198.0,35.819057,71583.0,49828.0,1561.0,733.0,1543.768,770.8857,2.313356,138.5936,5438.75,4.0,35216996.0,1.5876577,1568.5236,716.45905,0.69608706,73.21533,62.68967,63.12149,62.68967,68.57872,63.789333,63.12149,63.789333,77.60761,1450.0,573.0,0.0,0.0,2.0,73.21533,68.57872,77.60761,49828.0,1568.5236,716.45905,0.44983545,-0.89311147,0.89311147,0.44983545,0.57547265,-0.6596566,-0.48340914,0.5637418,-0.10825344,0.81882626,0.5924748,0.74373007,-0.30957907,1673.0,894.0,1.9307854,2.1277678,2.8997312,25.16304,17.397608,24.242535,81.309875,50.001328,8.391511,11.48485,15.530743,1253824.0,866888.0,1207957.0,131.0,129.0,127.0,978.79614,1046.3647,936.6167,1046.3647,1137.477,1027.9846,936.6167,1027.9846,1009.90094,32.0,23.0,22.0,978.79614,1137.477,1009.90094,-0.8217123,-0.7645735,-0.78141195,110.5997,102.719025,109.61744,-0.8282549,-0.93119586,-0.550534,3217124.0,2987891.0,3188552.0,145.0,141.0,153.0
13,0,14,0,nymph,0.08,0.2075,0.7125,0.0,0.0,0.0,344.4256,7031.941,1826.0,761.0,425.17368,0.0,217.0,32.40526,86268.0,47245.0,1863.0,739.5,1871.9169,703.7836,2.375348,130.04208,7804.6,5.0,121864110.0,1.6431669,1855.6349,769.0007,0.5476538,151.36201,121.404335,97.41515,121.404335,108.872826,86.726006,97.41515,86.726006,90.27791,1727.0,582.0,0.0,0.0,0.0,151.36201,108.872826,90.27791,47245.0,1855.6349,769.0007,0.69343704,-0.7205172,0.7205172,0.69343704,0.66602707,-0.5271897,-0.5277111,0.5670155,-0.10185289,0.8173857,0.48466617,0.8436214,-0.23108795,2000.0,898.0,1.6612656,1.6032478,1.8131795,24.718742,20.681871,26.60527,88.60686,46.361015,3.4033885,3.713824,4.459265,1167837.0,977115.0,1256966.0,100.0,93.0,85.0,908.4348,932.30206,887.43066,932.30206,973.71344,935.2966,887.43066,935.2966,968.39984,28.0,24.0,29.0,908.4348,973.71344,968.39984,-0.9945962,-0.89293826,-0.80055517,113.95421,106.692444,113.757,-0.40874705,-0.64441496,-0.47345844,3551383.0,3325070.0,3545237.0,148.0,142.0,158.0
14,0,15,0,molt,0.0,0.0,0.0,0.1,0.02,0.88,48.507732,121.98276,1696.0,621.0,57.04163,1.0,7.0,14.322119,1275.0,688.0,1700.0,623.0,1701.8893,627.1789,0.8220712,16.874552,97.833336,6.0,12810.967,1.2354972,1698.3881,619.4346,0.5396078,218.65007,248.07812,249.86827,248.07812,293.4499,300.74908,249.86827,300.74908,355.70416,1688.0,598.0,72.0,61.0,63.0,218.65007,293.4499,355.70416,688.0,1698.3881,619.4346,-0.067256905,-0.9977357,0.9977357,-0.067256905,0.49913183,-0.5437662,-0.6746746,0.5880403,-0.3593177,0.72463745,0.63645583,0.7584254,-0.14040951,1713.0,649.0,-0.5320129,-0.25492916,-0.17710385,109.375,96.97384,102.24273,13.231215,5.1686234,-0.70755076,-0.9586566,-1.11777,75250.0,66718.0,70343.0,141.0,131.0,140.0,469.49258,531.58203,504.72537,531.58203,615.66693,588.6839,504.72537,588.6839,614.63635,39.0,26.0,33.0,469.49258,615.66693,614.63635,-1.3419977,-1.1139873,-0.8905942,120.525314,111.69846,116.33258,1.0330728,0.24921408,0.17922765,799806.0,741231.0,771983.0,145.0,138.0,150.0
15,0,16,0,apterous adult,0.1,0.6375,0.2425,0.0,0.02,0.0,275.74808,10059.034,525.0,813.0,462.60513,1.0,261.0,38.525032,104251.0,73561.0,529.0,788.0,522.25244,828.01764,-1.2312506,170.48329,5115.0,6.0,25094450.0,0.4772389,531.8151,771.30444,0.7056143,284.0489,247.82741,245.54495,247.82741,236.5277,234.25972,245.54495,234.25972,283.14844,389.0,603.0,0.0,0.0,0.0,284.0489,236.5277,283.14844,73561.0,531.8151,771.30444,0.12420028,-0.9922572,0.9922572,0.12420028,0.59596115,-0.5742726,-0.5612854,0.550322,-0.21693765,0.8062777,0.58478713,0.7893979,-0.18674845,670.0,974.0,2.3743486,2.621817,2.4350328,22.416117,18.041666,27.986364,90.47625,67.219864,6.8624783,9.376216,6.4444294,1648952.0,1327163.0,2058705.0,128.0,120.0,122.0,479.59656,515.827,463.6351,515.827,567.63055,517.2755,463.6351,517.2755,564.4008,16.0,17.0,19.0,479.59656,567.63055,564.4008,-1.8075291,-1.6097529,-1.2028801,117.80341,110.35587,117.554855,2.502252,1.5264599,0.6236576,4270256.0,4000290.0,4261246.0,140.0,133.0,147.0
16,0,17,0,molt,0.0,0.0,0.0,0.0,0.0,1.0,40.81666,209.65181,1050.0,727.0,48.384777,0.0,27.0,7.7648816,1147.0,714.0,1048.0,731.0,1045.1525,734.9538,3.1883855,15.618203,86.6,5.0,12040.3,1.7913742,1049.7269,728.60223,0.62249345,181.72606,209.71077,164.98848,209.71077,253.11665,196.0606,164.98848,196.0606,178.1443,1033.0,713.0,81.0,68.0,76.0,181.72606,253.11665,178.1443,714.0,1049.7269,728.60223,0.3461846,-0.9381664,0.9381664,0.3461846,0.54731625,-0.35937682,-0.7558394,0.64890456,-0.38813326,0.6544275,0.5285525,0.8486465,-0.020769617,1064.0,750.0,0.3632267,0.54284614,0.4624485,106.606445,95.414566,97.39776,9.692531,6.405523,-0.8853255,-0.7444398,-0.87582064,76117.0,68126.0,69542.0,134.0,131.0,134.0,511.2056,558.28925,618.08203,558.28925,617.951,679.9916,618.08203,679.9916,800.6177,46.0,35.0,30.0,511.2056,617.951,800.6177,-0.86391354,-0.73083633,-0.66340965,112.89046,104.353165,105.68545,-0.34000182,-0.6708448,-0.6633688,681181.0,629667.0,637706.0,141.0,133.0,145.0
17,0,18,0,molt,0.0,0.0,0.0,0.0,0.0,1.0,53.600372,305.11984,1093.0,746.0,71.04163,1.0,39.0,7.5290914,1800.0,924.0,1093.5,750.5,1094.8276,754.85504,-1.4673754,19.118525,175.2,5.0,34314.2,0.6165935,1092.2413,746.3712,0.5133333,173.78531,193.86493,86.67682,193.86493,226.39459,94.502945,86.67682,94.502945,71.12493,1079.0,721.0,70.0,62.0,73.0,173.78531,226.39459,71.12493,924.0,1092.2413,746.3712,-0.052890237,-0.9986003,0.9986003,-0.052890237,0.6232034,-0.116843216,-0.77328205,0.7099136,-0.33028623,0.6220399,0.32808557,0.9366209,0.122886926,1109.0,781.0,0.5730514,0.5542053,0.5005986,98.09524,87.02056,92.54112,15.143819,6.1156845,-0.5187015,-0.72165275,0.20526798,90640.0,80407.0,85508.0,134.0,126.0,123.0,666.0089,685.5302,562.591,685.5302,720.9912,587.8813,562.591,587.8813,547.5316,22.0,15.0,29.0,666.0089,720.9912,547.5316,-1.4480577,-1.206204,-1.0840795,113.50428,105.955124,110.800606,1.2180383,0.41557136,0.6648267,821998.0,767327.0,802418.0,141.0,134.0,143.0
18,0,19,0,nymph,0.19,0.33,0.45,0.0,0.03,0.0,351.141,1294.7515,1452.0,961.0,388.41632,0.0,16.0,80.92197,75348.0,47722.0,1440.5,960.5,1438.881,977.601,-4.9367385,121.94101,6906.5,4.0,48916480.0,0.17429803,1441.4373,950.60034,0.63335454,135.04338,122.64003,111.73301,122.64003,126.257095,109.63149,111.73301,109.63149,119.90033,1324.0,800.0,0.0,0.0,2.0,135.04338,126.257095,119.90033,47722.0,1441.4373,950.60034,0.47051892,-0.8823899,0.8823899,0.47051892,0.5989722,-0.48089892,-0.6402879,0.58079094,-0.28957772,0.76080656,0.55128413,0.8275754,-0.10585273,1558.0,1122.0,1.7247514,1.7683661,2.3168066,21.185429,17.60534,24.718536,85.154465,45.703384,4.703243,5.8036933,8.869039,1011011.0,840162.0,1179618.0,130.0,127.0,121.0,903.8471,927.4841,861.24384,927.4841,967.09064,905.8767,861.24384,905.8767,911.8274,19.0,16.0,24.0,903.8471,967.09064,911.8274,-1.1342564,-1.0495949,-0.92697364,113.44088,106.79918,112.46789,-0.17229995,-0.37493566,-0.41270196,3431700.0,3230782.0,3402266.0,144.0,139.0,151.0
19,0,20,0,molt,0.0,0.0,0.0,0.14,0.01,0.85,26.627054,77.01219,1736.0,849.0,29.384777,0.0,15.0,5.134146,408.0,203.0,1736.5,848.0,1736.0975,848.0049,-3.0662677,7.6921554,41.0,5.0,2648.5,0.6325692,1736.9064,847.99506,0.49754903,112.1887,119.34461,92.81909,119.34461,134.17554,104.09054,92.81909,104.09054,96.32444,1725.0,840.0,80.0,66.0,74.0,112.1887,134.17554,96.32444,203.0,1736.9064,847.99506,0.8860072,0.4636715,0.4636715,-0.8860072,0.575011,-0.4540718,-0.6805741,0.63412863,-0.2782619,0.72142303,0.5169557,0.84639776,-0.12793626,1749.0,857.0,0.9242256,0.6518021,0.40966013,98.5468,87.16256,93.655174,6.925192,2.676927,0.64446115,-0.09830246,0.06375277,20005.0,17694.0,19012.0,131.0,119.0,121.0,416.43643,434.80637,353.45856,434.80637,472.48917,394.542,353.45856,394.542,370.19653,32.0,32.0,56.0,416.43643,472.48917,370.19653,-1.4272424,-0.9966606,-0.50397766,121.60477,113.45948,120.9315,2.3121593,0.46451715,-0.46839774,571664.0,533373.0,568499.0,148.0,140.0,154.0
20,0,21,0,nymph,0.0,0.11,0.88,0.0,0.01,0.0,247.40656,4496.695,773.0,1001.0,293.4041,0.0,155.0,29.010935,50167.0,31962.0,779.0,1003.0,769.862,1018.2682,-5.6483407,101.351875,4551.25,4.0,19159672.0,0.055049527,784.20483,994.3035,0.637112,98.04334,76.02711,70.9152,76.02711,72.53237,69.58799,70.9152,69.58799,95.88091,669.0,890.0,7.0,1.0,3.0,98.04334,72.53237,95.88091,31962.0,784.20483,994.3035,0.7194412,-0.6945534,-0.6945534,-0.7194412,0.6071337,-0.6263198,-0.48899093,0.538573,-0.12810928,0.83278275,0.5842326,0.7689678,-0.25953948,890.0,1117.0,0.9849692,1.3476654,2.0874212,30.76397,21.266348,25.42732,64.70273,40.46019,0.71931666,2.2959082,5.7628913,983278.0,679715.0,812708.0,75.0,67.0,87.0,767.0259,845.0764,725.4217,845.0764,948.1211,819.5599,725.4217,819.5599,787.0423,26.0,24.0,19.0,767.0259,948.1211,787.0423,-0.92568743,-0.85341364,-0.8385773,110.754105,102.159676,108.89172,-0.62042034,-0.818334,-0.41142127,2675930.0,2468280.0,2630933.0,141.0,136.0,149.0
21,0,22,0,molt,0.0,0.0,0.0,0.0,0.0,1.0,64.202805,114.39697,662.0,916.0,74.18377,0.0,5.0,22.879395,2226.0,897.0,661.5,918.0,660.383,917.27765,0.0,17.400284,443.0,3.0,111153.0,-1.4951781,663.15497,919.07025,0.40296495,116.80366,137.13263,94.311485,137.13263,173.39563,122.30359,94.311485,122.30359,117.30934,641.0,892.0,86.0,71.0,82.0,116.80366,173.39563,117.30934,897.0,663.15497,919.07025,0.62174314,-0.78322124,0.78322124,0.62174314,0.53845984,-0.44800752,-0.7136878,0.6699059,-0.28618142,0.6850739,0.51116246,0.84698844,-0.1460257,683.0,945.0,0.30147398,0.36909512,0.500002,108.37793,97.20067,101.79822,15.115509,5.4230947,-0.7339359,-0.7343732,-0.45618632,97215.0,87189.0,91313.0,134.0,128.0,132.0,472.30637,536.1599,522.8995,536.1599,619.7424,605.03845,522.8995,605.03845,663.6719,48.0,33.0,27.0,472.30637,619.7424,663.6719,-1.4144115,-1.2970082,-1.2896775,116.65216,108.0773,114.170166,0.9178883,0.5098834,0.9876221,839079.0,777400.0,821226.0,139.0,133.0,146.0
22,0,23,0,molt,0.0,0.0,0.0,0.03,0.03,0.94,63.702435,85.84062,1236.0,943.0,85.84062,0.0,2.0,42.92031,2688.0,1226.0,1238.5,941.5,1236.9863,941.026,-0.10328319,20.573391,292.4,5.0,95984.3,0.9133581,1240.305,942.06525,0.45610118,278.1461,300.24527,254.48477,300.24527,332.7686,279.66504,254.48477,279.66504,272.2928,1215.0,914.0,63.0,53.0,55.0,278.1461,332.7686,272.2928,1226.0,1240.305,942.06525,-0.50770664,-0.86153,0.86153,-0.50770664,0.56480086,-0.3862473,-0.7292551,0.619139,-0.3859124,0.6839141,0.54558855,0.83778554,-0.021177122,1263.0,970.0,0.77596307,0.97299874,0.9862373,91.882545,79.70636,81.81484,16.106823,7.6157618,-0.2811689,-0.045516744,0.12897569,112648.0,97720.0,100305.0,135.0,127.0,128.0,739.81836,783.7562,736.01886,783.7562,841.41504,784.5422,736.01886,784.5422,789.8995,26.0,16.0,22.0,739.81836,841.41504,789.8995,-1.3330053,-1.1996725,-1.0185325,114.21039,105.9369,111.309875,0.6376073,0.16007406,0.058556598,910371.0,844423.0,887251.0,142.0,137.0,146.0
23,0,24,0,molt,0.0,0.0,0.0,0.03,0.0,0.97,80.11242,235.7645,1605.0,935.0,94.08326,3.0,6.0,30.234861,2812.0,1248.0,1605.5,935.0,1606.7455,935.56586,0.9067945,20.286863,173.77777,9.0,85010.445,1.5963038,1603.9391,934.2909,0.44381222,180.74792,208.28586,188.70728,208.28586,248.19077,226.25905,188.70728,226.25905,223.23853,1568.0,917.0,77.0,66.0,63.0,180.74792,248.19077,223.23853,1248.0,1603.9391,934.2909,0.97197837,-0.23507026,-0.23507026,-0.97197837,0.5254103,-0.5443267,-0.6539514,0.6214902,-0.2794105,0.7319014,0.5811144,0.79097295,-0.19148856,1644.0,954.0,0.8296018,0.92952746,0.8058699,101.52164,89.76843,94.90064,21.269209,6.5460334,-0.26841238,-0.14197852,-0.1395576,126699.0,112031.0,118436.0,137.0,132.0,136.0,507.02155,539.565,533.44684,539.565,585.2534,579.7672,533.44684,579.7672,613.99475,35.0,26.0,29.0,507.02155,585.2534,613.99475,-2.201084,-1.9932573,-1.6200689,124.83779,117.72311,124.20341,4.2144713,3.1935604,2.0628502,1105938.0,1042909.0,1100318.0,148.0,141.0,154.0
24,0,25,0,molt,0.0,0.0,0.02,0.19,0.11,0.68,82.8734,341.04877,2409.0,992.0,103.15433,2.0,8.0,32.668785,5767.0,3147.0,2399.0,993.0,2395.9065,996.5981,-2.5730743,34.199474,436.66666,6.0,181089.86,0.22007397,2401.5754,990.00446,0.545691,122.800316,123.15267,109.708694,123.15267,128.85558,115.78022,109.708694,115.78022,128.38791,2363.0,954.0,91.0,78.0,82.0,122.800316,128.85558,128.38791,3147.0,2401.5754,990.00446,-0.4318296,-0.9019552,0.9019552,-0.4318296,0.5718822,-0.48071617,-0.66472757,0.59144104,-0.3199002,0.7401766,0.56846136,0.81644094,-0.10137002,2436.0,1033.0,1.7920742,1.8184143,1.4489489,110.12012,100.144264,106.85383,20.199282,13.81822,3.6097937,3.807849,2.7326794,346548.0,315154.0,336269.0,153.0,148.0,156.0,208.2328,227.96992,281.49106,227.96992,256.14557,315.40707,281.49106,315.40707,409.73795,94.0,81.0,88.0,208.2328,256.14557,409.73795,-1.0606195,-1.059827,-0.9948977,140.99222,134.43031,151.55133,-0.2697143,-0.28869566,-0.4280717,1413165.0,1347395.0,1518999.0,160.0,155.0,177.0
25,0,26,0,molt,0.0,0.0,0.01,0.31,0.13,0.55,83.09633,152.58073,2326.0,1011.0,105.81118,2.0,1.0,53.35534,4899.0,2262.0,2329.0,1010.0,2333.457,1007.9234,3.2706258,27.018892,329.625,8.0,377109.7,1.9582822,2323.8042,1012.42084,0.46172687,174.10527,192.63364,218.18074,192.63364,224.23932,265.21686,218.18074,265.21686,372.06778,2295.0,975.0,84.0,69.0,64.0,174.10527,224.23932,372.06778,2262.0,2323.8042,1012.42084,0.7005451,-0.71360815,0.71360815,0.7005451,0.46570262,-0.6109402,-0.6402134,0.5464466,-0.3705199,0.7510733,0.69607264,0.69961923,-0.16129413,2364.0,1046.0,0.15803088,0.0047238306,-0.056013655,113.31035,102.530945,108.156944,22.23522,9.26149,-0.18918033,-0.34947404,-0.4399308,256308.0,231925.0,244651.0,151.0,142.0,160.0,187.11206,205.71266,249.24956,205.71266,234.17883,284.43466,249.24956,284.43466,368.5938,92.0,81.0,84.0,187.11206,234.17883,368.5938,-0.8541718,-0.85307854,-0.79055125,137.33867,130.50215,147.17422,-0.57067764,-0.5598248,-0.64408565,1304580.0,1239640.0,1398008.0,158.0,152.0,174.0
26,0,27,0,apterous adult,0.19,0.5125,0.2975,0.0,0.0,0.0,383.02087,8711.829,1310.0,1179.0,412.86502,0.0,247.0,35.27056,97920.0,65347.0,1307.5,1177.0,1331.949,1171.7147,1.2673446,168.79579,6514.6,5.0,18930234.0,-0.5666797,1295.3131,1179.6345,0.6673509,97.38517,76.633736,78.383194,76.633736,77.4753,76.17541,78.383194,76.17541,99.346214,1116.0,1050.0,0.0,0.0,0.0,97.38517,77.4753,99.346214,65347.0,1295.3131,1179.6345,0.9970441,0.07683182,0.07683182,-0.9970441,0.59324723,-0.68138295,-0.42868984,0.53969395,-0.05848891,0.83982706,0.59731746,0.7295864,-0.33303988,1500.0,1305.0,2.1678672,2.7445083,2.6805875,21.938835,15.684163,23.35085,87.59209,60.65544,11.807387,19.047253,11.8799515,1433637.0,1024913.0,1525908.0,132.0,127.0,122.0,822.9566,874.8748,739.5018,874.8748,943.89404,803.12244,739.5018,803.12244,760.8113,21.0,14.0,27.0,822.9566,943.89404,760.8113,-1.2581085,-1.1743146,-0.94288194,115.79343,108.74839,115.94131,0.19162774,-0.08904382,-0.33535108,3858816.0,3624040.0,3863744.0,144.0,138.0,153.0
27,0,28,0,apterous adult,0.01,0.485,0.22166668,0.0,0.28333333,0.0,282.39157,1103.3301,567.0,1274.0,471.2153,0.0,11.0,100.302734,86460.0,55404.0,535.5,1241.5,527.5366,1271.5295,-3.1072195,131.7137,6211.2,5.0,44516796.0,0.44842952,539.96375,1224.6674,0.640805,400.34946,362.35944,326.50986,362.35944,342.52264,306.83948,326.50986,306.83948,316.5119,405.0,1077.0,0.0,0.0,0.0,400.34946,342.52264,316.5119,55404.0,539.96375,1224.6674,-0.31432748,-0.9493146,0.9493146,-0.31432748,0.6183192,-0.484567,-0.6187699,0.5737832,-0.25970227,0.7767416,0.5370793,0.83531404,-0.11745749,667.0,1407.0,0.9791992,1.0063076,1.3629844,31.706465,26.554419,34.588856,82.74256,59.96432,0.40917736,0.7803107,1.6583089,1756665.0,1471221.0,1916361.0,130.0,124.0,117.0,506.57416,526.7391,417.89084,526.7391,557.755,442.49475,417.89084,442.49475,427.8766,20.0,14.0,31.0,506.57416,557.755,427.8766,-1.6897781,-1.5328395,-1.1256546,118.41495,111.10276,118.496475,2.0780902,1.3364652,0.68560845,4183008.0,3924705.0,4185888.0,142.0,136.0,148.0
28,0,29,0,molt,0.0,0.0,0.0,0.09,0.02,0.89,29.068884,43.04163,757.0,1138.0,43.04163,0.0,2.0,21.520815,736.0,264.0,754.0,1138.5,753.5975,1137.4131,-5.895268,9.14591,118.0,4.0,17236.666,0.018055871,754.7197,1140.4432,0.35869566,28.578154,33.974003,18.621355,33.974003,49.47521,31.913567,18.621355,31.913567,47.058483,743.0,1123.0,96.0,79.0,82.0,28.578154,49.47521,47.058483,264.0,754.7197,1140.4432,0.47759908,-0.8785779,0.8785779,0.47759908,0.46889004,-0.47430938,-0.7450991,0.67435485,-0.35256308,0.6488026,0.57042766,0.8066783,-0.15453951,766.0,1155.0,-0.13730837,0.1422501,-0.22325103,108.82197,93.045456,98.23485,10.456022,3.3107424,-0.5992289,-0.86746955,-0.6468477,28729.0,24564.0,25934.0,121.0,109.0,117.0,339.73862,386.66815,340.80383,386.66815,456.97815,398.68637,340.80383,398.68637,403.79922,38.0,26.0,36.0,339.73862,456.97815,403.79922,-1.6862104,-1.2987543,-1.2309208,119.86792,110.252205,115.45217,2.8691068,1.1822187,1.4637347,651602.0,599331.0,627598.0,141.0,135.0,146.0
29,0,30,0,molt,0.0,0.0,0.0,0.15,0.01,0.84,33.61547,74.497475,841.0,1145.0,67.25484,0.0,3.0,24.83249,1599.0,636.0,841.0,1144.0,839.7736,1142.6189,-3.211241,14.989436,192.6,5.0,56830.3,0.62146974,842.85693,1146.0912,0.3977486,139.74521,149.12335,105.00297,149.12335,169.30286,120.820885,105.00297,120.820885,98.84209,822.0,1124.0,78.0,69.0,78.0,139.74521,169.30286,98.84209,636.0,842.85693,1146.0912,0.5821183,-0.81310415,0.81310415,0.5821183,0.58612424,-0.5594089,-0.5861059,0.653148,-0.10182269,0.75035316,0.4794331,0.822614,-0.30569604,861.0,1165.0,1.0028208,1.2106258,0.987041,102.43082,89.38522,97.179245,13.472845,5.1054187,0.5009172,1.0936176,0.6314537,65146.0,56849.0,61806.0,136.0,133.0,135.0,465.25964,503.18106,402.93805,503.18106,556.78845,446.01456,402.93805,446.01456,399.02487,29.0,24.0,35.0,465.25964,556.78845,399.02487,-2.4095063,-2.1407104,-1.7147186,122.66065,115.13201,122.4856,5.5283837,4.0871806,3.2546725,809315.0,759641.0,808160.0,143.0,136.0,149.0
30,0,31,0,nymph,0.06,0.33488095,0.37095237,0.0,0.23416668,0.0,223.6068,643.2519,1797.0,1257.0,296.03152,0.0,9.0,71.47243,44472.0,27661.0,1804.5,1259.5,1803.6432,1265.5033,-5.530115,89.009125,4202.75,4.0,20037556.0,0.07475017,1805.0208,1255.8514,0.62198687,234.3495,214.63055,191.01517,214.63055,208.99876,185.32492,191.01517,185.32492,188.35394,1696.0,1158.0,8.0,2.0,7.0,234.3495,208.99876,188.35394,27661.0,1805.0208,1255.8514,0.76985073,-0.638224,-0.638224,-0.76985073,0.6113753,-0.5451647,-0.573599,0.58104604,-0.18282111,0.7930712,0.5372204,0.81815153,-0.20499349,1914.0,1362.0,1.7735198,1.8859726,1.8995428,35.543182,28.411987,33.95398,64.99154,35.20387,4.8231153,5.4843144,5.2988915,983160.0,785904.0,939201.0,131.0,124.0,117.0,881.3233,919.3847,869.7601,919.3847,974.55286,927.4624,869.7601,927.4624,967.3067,36.0,25.0,31.0,881.3233,974.55286,967.3067,-0.5287886,-0.43941757,-0.33676103,111.02899,102.92573,110.37169,-1.0654435,-1.2328047,-1.0703127,2772949.0,2570570.0,2756533.0,154.0,146.0,160.0
31,0,32,0,apterous adult,0.23,0.61,0.13266666,0.0,0.027333334,0.0,406.17853,9790.333,801.0,1366.0,438.529,0.0,276.0,35.47222,105616.0,72043.0,820.0,1363.5,840.6511,1392.0891,1.1756265,159.03503,6714.6,5.0,64643668.0,1.3094064,810.3763,1350.1771,0.68212205,204.39894,192.23552,209.0801,192.23552,199.96176,209.28871,209.0801,209.28871,261.2109,677.0,1180.0,0.0,0.0,0.0,204.39894,199.96176,261.2109,72043.0,810.3763,1350.1771,-0.5152743,-0.8570253,0.8570253,-0.5152743,0.5540548,-0.51068246,-0.6574395,0.5503198,-0.36788112,0.7495409,0.624637,0.7770887,-0.077212386,964.0,1548.0,3.4224746,3.511658,2.497742,20.987133,14.903988,26.577099,94.855865,62.037514,15.327846,16.463305,6.8545585,1511976.0,1073728.0,1914694.0,132.0,125.0,148.0,738.8241,767.8826,640.0197,767.8826,811.0892,672.8147,640.0197,672.8147,644.7188,21.0,11.0,26.0,738.8241,811.0892,644.7188,-1.4892231,-1.3721995,-1.0386527,115.21,107.971405,114.11969,1.0313509,0.6187711,0.13887425,3985114.0,3734731.0,3947400.0,143.0,137.0,150.0
32,0,33,0,molt,0.0,0.0,0.0,0.04,0.02,0.94,35.805027,133.1249,1915.0,1282.0,40.62742,0.0,23.0,5.7880387,744.0,323.0,1913.0,1279.5,1911.7625,1279.0309,-1.3180375,10.366978,84.2,5.0,13672.2,0.96017784,1914.613,1280.1115,0.4341398,72.74777,86.70279,58.805134,86.70279,112.73065,76.17647,58.805134,76.17647,77.49393,1898.0,1268.0,92.0,76.0,82.0,72.74777,112.73065,77.49393,323.0,1914.613,1280.1115,0.7506247,-0.66072875,-0.66072875,-0.7506247,0.5325031,-0.37529325,-0.75868005,0.674193,-0.3538779,0.6482547,0.5117657,0.85669446,-0.064579,1929.0,1292.0,0.75356436,0.83550763,0.26019627,107.117645,94.0,97.13003,9.138397,3.0993779,-0.36068895,-0.18965481,-0.9149737,34599.0,30362.0,31373.0,128.0,123.0,119.0,565.5982,614.36005,644.9373,614.36005,680.9804,712.9226,644.9373,712.9226,791.20245,48.0,40.0,46.0,565.5982,680.9804,791.20245,-0.79273844,-0.62606657,-0.43433738,114.04522,105.3797,111.44095,-0.7446008,-1.0966781,-1.1343412,597711.0,552295.0,584062.0,143.0,137.0,151.0
33,0,34,0,molt,0.0,0.0,0.0,0.03,0.04,0.93,34.36568,137.53911,1623.0,1280.0,37.72792,0.0,21.0,6.5494814,560.0,377.0,1622.0,1279.5,1619.0765,1278.6503,-0.84140915,11.535325,45.75,4.0,1739.5834,0.9400961,1623.4191,1279.9125,0.67321426,89.14504,79.19739,51.993603,79.19739,79.46843,41.910027,51.993603,41.910027,48.933716,1605.0,1272.0,63.0,55.0,60.0,89.14504,79.46843,48.933716,377.0,1623.4191,1279.9125,0.99050444,-0.13748075,-0.13748075,-0.99050444,0.6696569,-0.08878447,-0.7373445,0.6145616,-0.49118948,0.61729,0.41698164,0.8665161,0.2743649,1640.0,1288.0,-0.8461763,-0.53249294,-0.56163704,90.38992,80.21485,81.62865,9.250926,3.3938527,0.15440594,-0.1461758,0.17333995,34077.0,30241.0,30774.0,109.0,101.0,97.0,569.8875,619.0892,579.6665,619.0892,682.90356,637.22845,579.6665,637.22845,632.7793,61.0,52.0,55.0,569.8875,682.90356,632.7793,-0.8153147,-0.7366376,-0.68911046,119.944435,112.00382,120.13175,-0.7949142,-1.0186553,-0.8009605,628149.0,586564.0,629130.0,147.0,141.0,154.0
34,0,35,0,nymph,0.06,0.07,0.84599996,0.0,0.024,0.0,325.98312,6576.097,1464.0,1459.0,363.8427,0.0,195.0,33.723576,74480.0,42971.0,1462.5,1464.5,1469.371,1460.7666,-3.229891,115.07269,6301.8,5.0,59456850.0,0.59207034,1457.4618,1467.2375,0.57694685,103.13371,82.20315,76.98489,82.20315,76.89123,70.31143,76.98489,70.31143,92.34056,1330.0,1325.0,1.0,0.0,4.0,103.13371,76.89123,92.34056,42971.0,1457.4618,1467.2375,-0.6694617,-0.74284655,0.74284655,-0.6694617,0.62230605,-0.54777133,-0.55917954,0.5418734,-0.21406342,0.8127423,0.5648968,0.80877894,-0.16360976,1596.0,1605.0,1.1412138,1.1654073,2.3389788,24.719484,19.065998,26.510368,82.998276,42.030884,1.561441,2.3741558,8.746391,1062221.0,819285.0,1139177.0,80.0,72.0,101.0,963.09485,1014.45026,935.28033,1014.45026,1083.4031,1007.8852,935.28033,1007.8852,1019.9744,21.0,16.0,29.0,963.09485,1083.4031,1019.9744,-0.9114714,-0.8485206,-0.75502795,113.643425,106.0861,113.80056,-0.6332965,-0.7814827,-0.6826773,3186448.0,2974548.0,3190854.0,148.0,142.0,156.0
35,0,36,0,molt,0.0,0.0,0.0,0.03,0.0,0.97,60.033325,197.58073,1858.0,1340.0,88.42641,0.0,14.0,14.112909,2730.0,969.0,1859.5,1346.0,1860.5645,1347.7871,0.49473944,20.16124,440.25,4.0,206086.25,1.157483,1857.5656,1342.7523,0.35494506,218.71304,256.5861,176.21004,256.5861,312.8712,212.14297,176.21004,212.14297,184.37744,1825.0,1327.0,79.0,63.0,69.0,218.71304,312.8712,184.37744,969.0,1857.5656,1342.7523,0.94887704,-0.31564593,-0.31564593,-0.94887704,0.55915487,-0.32206962,-0.7639483,0.67155945,-0.3643928,0.64515567,0.4861623,0.8737786,-0.012536901,1895.0,1366.0,0.5053267,0.44964308,1.0249745,105.92776,93.35604,94.03612,18.631237,5.9487348,-0.8481827,-0.9869981,0.68804467,102644.0,90462.0,91121.0,141.0,133.0,137.0,592.77954,644.3602,617.9165,644.3602,715.4819,681.2829,617.9165,681.2829,724.83844,42.0,34.0,38.0,592.77954,715.4819,724.83844,-0.85394484,-0.68202823,-0.5441282,113.8755,105.2435,111.59807,-0.42508945,-0.88623667,-0.7128344,932982.0,862260.0,914323.0,143.0,137.0,150.0
36,0,37,0,molt,0.0,0.0,0.0,0.17,0.02,0.81,32.984844,60.62742,1807.0,1357.0,35.31371,1.0,3.0,16.656855,693.0,313.0,1807.0,1361.0,1807.3315,1362.5474,-0.66803503,12.457777,76.0,5.0,5377.5,0.6788244,1806.5974,1359.1215,0.45165944,296.90088,314.3265,164.7141,314.3265,344.6602,180.78946,164.7141,180.78946,122.548805,1791.0,1351.0,57.0,44.0,61.0,296.90088,344.6602,122.548805,313.0,1806.5974,1359.1215,0.93547404,-0.35339543,-0.35339543,-0.93547404,0.6303748,-0.3247662,-0.70509183,0.681656,-0.20303164,0.70293903,0.3714468,0.92374516,-0.09339279,1824.0,1372.0,0.21063444,0.4493626,0.61507034,96.76677,84.15335,87.664536,6.807197,4.6434855,-0.7754395,-0.63632077,0.03326263,30288.0,26340.0,27439.0,136.0,130.0,118.0,779.4513,814.6306,749.1991,814.6306,869.46466,792.0993,749.1991,792.0993,813.7695,32.0,24.0,31.0,779.4513,869.46466,813.7695,-0.39645934,-0.17337959,-0.022515832,103.16927,94.00286,97.90935,-0.8261565,-1.1203474,-0.7120948,540607.0,492575.0,513045.0,143.0,137.0,150.0
37,0,38,0,apterous adult,0.14,0.505,0.325,0.0,0.03,0.0,365.43674,7484.0874,1736.0,1575.0,423.94827,0.0,247.0,30.299948,92130.0,58799.0,1754.0,1575.5,1767.9418,1533.415,2.3825715,161.92586,8332.75,4.0,23799398.0,1.4793403,1746.0969,1599.3564,0.63821775,180.71556,159.33344,132.42665,159.33344,156.38535,132.38527,132.42665,132.38527,150.5816,1630.0,1391.0,0.0,0.0,5.0,180.71556,156.38535,150.5816,58799.0,1746.0969,1599.3564,0.16060244,-0.9870192,0.9870192,0.16060244,0.61408865,-0.54096305,-0.5746774,0.5808078,-0.18325676,0.7931452,0.5343757,0.8208386,-0.20165966,1879.0,1761.0,1.9348962,1.9684826,2.6652348,24.184153,18.842854,27.83141,84.23065,58.10248,4.8282537,5.7183666,9.82866,1422004.0,1107941.0,1636459.0,118.0,111.0,129.0,1009.8311,1033.1483,950.8817,1033.1483,1073.4904,1000.6923,950.8817,1000.6923,1048.9337,23.0,16.0,28.0,1009.8311,1073.4904,1048.9337,-0.9359179,-0.8676434,-0.6961078,115.12793,107.93868,117.196686,-0.41692486,-0.6225854,-0.7121652,3886719.0,3644010.0,3956560.0,161.0,153.0,166.0
38,0,39,0,apterous adult,0.07,0.57416666,0.255,0.0,0.10083334,0.0,254.43466,6971.1514,918.0,1583.0,305.83557,0.0,190.0,36.69027,62857.0,46988.0,913.0,1582.0,908.856,1583.7258,-2.0915768,131.66156,3967.25,4.0,1797484.9,-0.3623999,914.39954,1581.4171,0.7475381,156.50566,142.94453,136.37874,142.94453,142.4176,130.02405,136.37874,130.02405,139.50644,782.0,1463.0,0.0,0.0,0.0,156.50566,142.4176,139.50644,46988.0,914.39954,1581.4171,0.91566664,-0.4019385,-0.4019385,-0.91566664,0.60071087,-0.41751772,-0.68178105,0.5721087,-0.37117347,0.73138356,0.55842465,0.8294029,-0.015897576,1045.0,1702.0,1.626789,1.696895,2.0132177,24.999958,20.40406,28.641335,66.39745,56.539917,4.6801367,5.63962,6.1130977,1174698.0,958746.0,1345799.0,134.0,126.0,122.0,1012.9396,1033.9679,880.094,1033.9679,1066.6898,906.7525,880.094,906.7525,860.083,9.0,2.0,17.0,1012.9396,1066.6898,860.083,-1.0210807,-0.93861574,-0.65788406,107.701866,100.8262,108.733986,-0.1762749,-0.3819252,-0.67600924,2906981.0,2721400.0,2934839.0,142.0,136.0,150.0
39,0,40,0,larvae-nymph small,0.0,0.0,0.0,0.0,0.95,0.05,139.29106,932.0803,840.0,1759.0,149.94113,1.0,70.0,13.006049,6909.0,4536.0,840.0,1755.0,841.3194,1751.807,-0.05983477,48.358753,395.5,6.0,138600.3,0.51924956,839.30975,1756.6704,0.65653497,53.489532,52.92981,62.84063,52.92981,59.460716,68.45899,62.84063,68.45899,114.87343,770.0,1731.0,21.0,10.0,20.0,53.489532,59.460716,114.87343,4536.0,839.30975,1756.6704,0.99878705,0.049238183,0.049238183,-0.99878705,0.47510943,-0.5352836,-0.6983856,0.50968397,-0.47957033,0.71430707,0.7172819,0.69532996,-0.044977088,911.0,1780.0,0.50535023,0.7966153,1.148897,49.981922,37.702602,41.17196,34.956028,10.673169,1.41646,1.4219103,0.85556287,226718.0,171019.0,186756.0,81.0,70.0,86.0,532.73285,579.179,542.2537,579.179,639.38104,594.3372,542.2537,594.3372,603.2171,47.0,35.0,41.0,532.73285,639.38104,603.2171,-1.0678927,-0.9911503,-0.8390877,115.00762,106.87089,117.37634,-0.1166133,-0.3460834,-0.3057791,1402978.0,1303718.0,1431874.0,142.0,135.0,153.0
40,0,41,0,molt,0.0,0.0,0.0,0.06,0.18,0.76,28.86174,72.35534,1082.0,1771.0,72.35534,0.0,2.0,36.17767,1591.0,937.0,1073.0,1770.0,1072.3685,1767.6865,-1.7647064,17.796362,109.0,6.0,13316.0,0.46493572,1073.4408,1771.6147,0.58893776,62.18051,78.51158,106.80599,78.51158,111.56363,158.47908,106.80599,158.47908,264.13293,1052.0,1752.0,97.0,85.0,79.0,62.18051,111.56363,264.13293,937.0,1073.4408,1771.6147,0.97379714,-0.22741845,-0.22741845,-0.97379714,0.35238072,-0.6686046,-0.654825,0.50512,-0.45315424,0.73451006,0.7878335,0.58959234,-0.17804271,1095.0,1789.0,-0.22533971,0.032662284,0.23840876,119.87407,108.40128,111.2476,10.308165,9.198446,-0.5746269,-0.9954047,-0.763804,112322.0,101572.0,104239.0,136.0,132.0,148.0,53.7446,62.986706,100.6974,62.986706,81.37528,125.99291,100.6974,125.99291,214.32127,102.0,87.0,81.0,53.7446,81.37528,214.32127,-1.5185729,-1.7229813,-1.6928056,132.52722,125.15667,138.9291,1.743044,2.1883569,1.8980614,910197.0,859576.0,954165.0,147.0,138.0,159.0
41,0,42,0,molt,0.0,0.0,0.0,0.04,0.05,0.91,45.39824,97.08326,1173.0,1850.0,55.28427,0.0,7.0,13.869038,1081.0,522.0,1175.0,1851.0,1174.136,1854.0233,0.4984179,15.347227,111.8,5.0,10828.7,0.9182253,1175.9253,1847.7625,0.48288622,64.81269,68.849785,49.461376,68.849785,83.4854,73.82393,49.461376,73.82393,120.309845,1164.0,1828.0,85.0,74.0,84.0,64.81269,83.4854,120.309845,522.0,1175.9253,1847.7625,0.11355202,-0.99353206,0.99353206,0.11355202,0.46776295,-0.5835292,-0.663846,0.58792275,-0.3553966,0.72666365,0.65995806,0.73019654,-0.17682871,1187.0,1875.0,0.50954527,1.137068,1.5253301,105.47701,91.29885,101.15326,11.792419,4.9751697,0.8900637,2.734151,2.5485027,55059.0,47658.0,52802.0,134.0,130.0,145.0,149.38034,169.03404,175.6695,169.03404,200.8692,208.74266,175.6695,208.74266,241.85968,82.0,69.0,82.0,149.38034,200.8692,241.85968,-1.4721924,-1.4043552,-1.0963283,130.61488,121.93294,136.63643,1.9511806,1.3754764,0.5444949,818041.0,763666.0,855754.0,149.0,141.0,162.0
42,0,43,0,molt,0.0,0.0,0.0,0.04,0.02,0.94,28.071337,85.28427,1276.0,1906.0,53.55635,0.0,6.0,14.214046,1260.0,678.0,1272.5,1904.5,1269.3385,1900.6942,-1.1182448,17.44096,116.4,5.0,13369.3,0.47076166,1275.2139,1907.767,0.53809524,71.45979,82.67716,83.58378,82.67716,102.65099,102.73031,83.58378,102.73031,121.21092,1252.0,1890.0,99.0,85.0,96.0,71.45979,102.65099,121.21092,678.0,1275.2139,1907.767,0.9979114,0.06459727,0.06459727,-0.9979114,0.48919296,-0.48826045,-0.7226977,0.5944723,-0.4196587,0.6859222,0.6381951,0.76517206,-0.084963225,1294.0,1920.0,0.24550696,0.28034526,0.81516796,117.06932,105.082596,114.961655,9.924753,6.860781,-0.75784785,-0.8353825,0.36459115,79373.0,71246.0,77944.0,140.0,133.0,150.0,149.53482,167.45227,171.78168,167.45227,195.44214,198.0115,171.78168,198.0115,225.27486,66.0,54.0,86.0,149.53482,195.44214,225.27486,-2.146055,-1.9838785,-1.2059804,134.9536,126.01556,142.99847,5.793481,4.611731,0.9037869,529288.0,494233.0,560840.0,153.0,143.0,165.0
