object_id,timestep,labelimage_oid,User Label,Predicted Class,Probability of winged adult,Probability of apterous adult,Probability of nymph,Probability of larvae,Probability of larvae-nymph small,Probability of molt,Defect Center_0,Defect Center_1,Mean Defect Area,Object Center_0,Object Center_1,Kurtosis of Defect Area,Mean Defect Displacement,Skewness of Defect Area,Variance of Defect Area,Convex Hull Area,Convexity,Convex Hull Center_0,Convex Hull Center_1,Object Area,Number of Defects,Radii of the object_0,Radii of the object_1,Variance of Intensity_0,Variance of Intensity_1,Variance of Intensity_2,Minimum intensity_0,Minimum intensity_1,Minimum intensity_2,Mean Intensity_0,Mean Intensity_1,Mean Intensity_2,Bounding Box Minimum_0,Bounding Box Minimum_1,Covariance of Channel Intensity_0,Covariance of Channel Intensity_1,Covariance of Channel Intensity_2,Covariance of Channel Intensity_3,Covariance of Channel Intensity_4,Covariance of Channel Intensity_5,Covariance of Channel Intensity_6,Covariance of Channel Intensity_7,Covariance of Channel Intensity_8,Size in pixels,PrincipalAxes_0,PrincipalAxes_1,PrincipalAxes_2,PrincipalAxes_3,PrincipalAxes_4,PrincipalAxes_5,PrincipalAxes_6,PrincipalAxes_7,PrincipalAxes_8,Bounding Box Maximum_0,Bounding Box Maximum_1,Center of the object_0,Center of the object_1,Kurtosis of Intensity_0,Kurtosis of Intensity_1,Kurtosis of Intensity_2,Principal components of the object_0,Principal components of the object_1,Principal components of the object_2,Principal components of the object_3,Total Intensity_0,Total Intensity_1,Total Intensity_2,Maximum intensity_0,Maximum intensity_1,Maximum intensity_2,Skewness of Intensity_0,Skewness of Intensity_1,Skewness of Intensity_2,Variance of Intensity in neighborhood_0,Variance of Intensity in neighborhood_1,Variance of Intensity in neighborhood_2,Mean Intensity in neighborhood_0,Mean Intensity in neighborhood_1,Mean Intensity in neighborhood_2,Minimum intensity in neighborhood_0,Minimum intensity in neighborhood_1,Minimum intensity in neighborhood_2,Covariance of Channel Intensity in neighborhood_0,Covariance of Channel Intensity in neighborhood_1,Covariance of Channel Intensity in neighborhood_2,Covariance of Channel Intensity in neighborhood_3,Covariance of Channel Intensity in neighborhood_4,Covariance of Channel Intensity in neighborhood_5,Covariance of Channel Intensity in neighborhood_6,Covariance of Channel Intensity in neighborhood_7,Covariance of Channel Intensity in neighborhood_8,Kurtosis of Intensity in neighborhood_0,Kurtosis of Intensity in neighborhood_1,Kurtosis of Intensity in neighborhood_2,Total Intensity in neighborhood_0,Total Intensity in neighborhood_1,Total Intensity in neighborhood_2,Maximum intensity in neighborhood_0,Maximum intensity in neighborhood_1,Maximum intensity in neighborhood_2,Skewness of Intensity in neighborhood_0,Skewness of Intensity in neighborhood_1,Skewness of Intensity in neighborhood_2,Euclidean Diameter,Average Branch Length,Center of the Skeleton_0,Center of the Skeleton_1,Number of Branches,Diameter,Length of the Skeleton,Number of Holes
0,0,1,0,larvae-nymph small,0.0,0.0,0.09,0.0,0.85,0.06,1284.8652,99.43748,411.83334,1286.5522,99.53043,-1.8713677,42.269238,0.91610074,284470.56,7548.0,0.6726285,1286.0,99.5,5077.0,6.0,29.248856,13.864313,98.8265,106.47176,169.55592,43.0,26.0,23.0,62.28757,45.88438,48.411465,1231.0,66.0,98.8265,98.88415,104.22006,98.88415,106.47176,113.610504,104.22006,113.610504,169.55592,5077.0,0.5096838,-0.5339835,-0.6745991,0.5402698,-0.41157022,0.73397446,0.6695752,0.73856044,-0.07872451,1342.0,134.0,1286.5522,99.53043,0.12975097,-0.079413064,-0.13343999,0.94025964,0.34045827,0.34045827,-0.94025964,316234.0,232955.0,245785.0,97.0,81.0,92.0,0.87725973,0.8159907,0.74620414,414.2017,580.5455,553.3808,120.40623,111.02973,123.47477,49.0,29.0,46.0,414.2017,484.53293,438.1328,484.53293,580.5455,526.44586,438.1328,526.44586,553.3808,0.35812673,-0.15796854,-0.29849917,1352764.0,1247419.0,1387239.0,147.0,140.0,161.0,-1.0685292,-0.9016393,-0.6815369,111.085556,17.464931,1286.0,99.0,66.0,128.81119,1152.6854,0.0
1,0,2,0,larvae-nymph small,0.0,0.05,0.31,0.01,0.63,0.0,1116.465,123.87862,1215.1666,1101.2029,120.491516,-0.27106592,57.404873,1.2123324,2924791.0,16371.0,0.5546393,1108.0,122.0,9080.0,6.0,39.916492,18.470001,83.4509,62.60112,120.07963,19.0,10.0,12.0,39.175552,27.277424,36.652424,1032.0,69.0,83.4509,66.16099,82.90353,66.16099,62.60112,76.99488,82.90353,76.99488,120.07963,9080.0,0.55183643,-0.6793384,-0.48371056,0.48912933,-0.206124,0.8475054,0.6754473,0.7042814,-0.21853761,1185.0,176.0,1101.2029,120.491516,1.7597512,2.8235226,2.5400894,0.8403275,-0.5420791,-0.5420791,-0.8403275,355714.0,247679.0,332804.0,87.0,78.0,97.0,1.1016967,1.26256,1.3788922,764.3327,977.9435,809.2696,113.99813,104.89219,119.07927,38.0,22.0,36.0,764.3327,856.9415,735.7282,856.9415,977.9435,835.7062,735.7282,835.7062,809.2696,-0.553132,-0.82503325,-0.48456767,1709858.0,1573278.0,1786070.0,147.0,140.0,160.0,-0.89602774,-0.77372915,-0.7119811,167.57387,28.793386,1105.0,117.0,52.0,189.79395,1497.2561,0.0
2,0,3,0,larvae-nymph small,0.0,0.04,0.06,0.0,0.89,0.01,1849.6406,217.87245,1217.25,1865.3557,208.964,1.9637533,61.44313,1.4389257,883280.94,14287.0,0.65920067,1860.0,212.0,9418.0,4.0,39.39993,19.6491,89.42884,100.88444,143.92836,32.0,14.0,14.0,53.41909,35.300488,37.518475,1782.0,167.0,89.42884,90.16319,84.31945,90.16319,100.88444,92.71243,84.31945,92.71243,143.92836,9418.0,0.51874536,-0.47525942,-0.71065587,0.55920583,-0.44013965,0.7025425,0.64667773,0.76184356,-0.037447434,1939.0,258.0,1865.3557,208.964,0.42013103,0.75487924,1.427436,0.97023207,0.24217696,0.24217696,-0.97023207,503101.0,332460.0,353349.0,90.0,75.0,94.0,0.88964707,1.0942669,1.2573363,614.34454,792.2385,710.7012,120.35245,110.901,125.20439,31.0,24.0,41.0,614.34454,689.4673,592.5803,689.4673,792.2385,687.92206,592.5803,687.92206,710.7012,-0.0046008113,-0.38589275,-0.07260199,1785910.0,1645660.0,1857908.0,154.0,146.0,166.0,-1.0341134,-0.8898531,-0.9165237,156.2626,20.082382,1859.0,205.0,97.0,175.88225,1947.9911,0.0
3,0,4,0,larvae-nymph small,0.0,0.0,0.01,0.0,0.99,0.0,1102.0361,320.7025,746.8333,1098.416,323.00937,-1.2928631,46.003693,1.0244985,1003894.2,10241.0,0.56244504,1100.0,322.0,5760.0,6.0,34.499752,13.481287,102.52494,90.245255,150.95491,29.0,12.0,15.0,53.992363,32.359722,38.12413,1062.0,256.0,102.52494,89.35831,87.38203,89.35831,90.245255,95.36941,87.38203,95.36941,150.95491,5760.0,0.5345439,-0.6232361,-0.57082355,0.53015614,-0.2787253,0.8007788,0.65817726,0.730677,-0.18142156,1139.0,389.0,1098.416,323.00937,0.51994306,1.3148721,1.8203378,0.3781262,-0.9257541,0.9257541,0.3781262,310996.0,186392.0,219595.0,96.0,77.0,93.0,0.82058024,1.1753473,1.3572881,510.67245,800.54156,683.6754,117.565575,107.23653,119.742,43.0,21.0,31.0,510.67245,632.2442,551.02435,632.2442,800.54156,694.131,551.02435,694.131,683.6754,0.06098191,-0.3190962,-0.07436956,1472744.0,1343352.0,1500008.0,145.0,139.0,158.0,-1.0873743,-0.9560706,-0.88527834,137.36084,15.773389,1099.0,321.0,84.0,151.05382,1324.9646,0.0
4,0,5,0,nymph,0.04,0.08,0.82,0.01,0.05,0.0,1476.1385,388.7978,1952.7142,1507.2603,390.83548,4.8131604,116.044975,2.406784,21507680.0,66676.0,0.5899874,1494.5,390.0,39338.0,14.0,81.52932,39.811535,340.73013,195.25998,138.45213,15.0,1.0,0.0,47.716103,26.196323,25.18519,1337.0,285.0,340.73013,232.06537,51.687634,232.06537,195.25998,86.50236,51.687634,86.50236,138.45213,39338.0,0.7735783,-0.38022467,-0.5069575,0.5902431,0.14117151,0.7947853,0.23062904,0.9140568,-0.3336322,1653.0,496.0,1507.2603,390.83548,1.0385581,2.1058896,2.888435,0.8874881,-0.46083054,-0.46083054,-0.8874881,1877056.0,1030511.0,990735.0,115.0,83.0,86.0,1.2939224,1.5434783,1.5232263,772.21045,1123.8319,1114.8232,115.88712,105.08531,115.011406,24.0,18.0,6.0,772.21045,917.9332,845.28784,917.9332,1123.8319,1059.2751,845.28784,1059.2751,1114.8232,-0.5365148,-0.892632,-0.68578374,3271030.0,2966138.0,3246312.0,149.0,141.0,161.0,-0.87455666,-0.7493213,-0.6603443,343.5171,121.10824,1494.0,403.0,5.0,378.81833,894.58997,9.0
5,0,6,0,larvae-nymph small,0.0,0.0,0.0,0.0,0.94,0.06,904.3173,414.8694,802.0,914.39514,413.45227,-3.5021915,40.25438,0.33618376,612571.3,8300.0,0.613494,910.5,414.0,5092.0,4.0,27.275766,15.715374,89.727516,99.18121,175.74873,29.0,17.0,8.0,61.563435,42.10605,38.930676,861.0,373.0,89.727516,85.46912,68.21306,85.46912,99.18121,88.17821,68.21306,88.17821,175.74873,5092.0,0.4699471,-0.57500196,-0.6697182,0.5368829,-0.41604257,0.7339383,0.70064723,0.70447236,-0.11319071,961.0,456.0,914.39514,413.45227,0.14895068,-0.35287347,0.1323465,0.84938216,0.52777827,0.52777827,-0.84938216,313481.0,214404.0,198235.0,94.0,76.0,85.0,-0.2026473,0.2900349,0.75022113,470.1242,701.4157,697.5536,113.56926,103.35683,110.173065,44.0,28.0,32.0,470.1242,567.39636,515.37335,567.39636,701.4157,639.9483,515.37335,639.9483,697.5536,-0.5165154,-0.86231637,-0.8936479,1295371.0,1178888.0,1256634.0,142.0,136.0,155.0,-0.7862917,-0.6390465,-0.34905764,103.711136,16.40128,909.0,414.0,66.0,123.781746,1082.4844,0.0
6,0,7,0,larvae-nymph small,0.0,0.1,0.41,0.01,0.47,0.01,832.85754,485.29385,938.7143,831.5327,484.0674,-0.808256,60.870987,1.2324395,2375991.2,18630.0,0.64728934,832.0,484.5,12059.0,7.0,44.363773,21.925014,91.78466,81.3088,188.79797,20.0,4.0,10.0,41.30865,25.877436,34.471348,775.0,404.0,91.78466,78.58655,107.54305,78.58655,81.3088,111.64853,107.54305,111.64853,188.79797,12059.0,0.48375022,-0.73101443,-0.48125216,0.47751266,-0.24036796,0.8451064,0.73346263,0.6386244,-0.23279057,890.0,566.0,831.5327,484.0674,2.0261912,4.952595,4.1068606,0.49757066,-0.8674235,0.8674235,0.49757066,498141.0,312056.0,415690.0,111.0,101.0,117.0,1.0336317,1.536367,1.7991121,711.2632,974.6949,753.44763,110.21085,100.63286,110.80233,30.0,17.0,30.0,711.2632,825.24835,655.79913,825.24835,974.6949,775.8018,655.79913,775.8018,753.44763,-0.81003547,-0.965094,-0.7239867,1813740.0,1656115.0,1823474.0,148.0,142.0,158.0,-0.7219129,-0.6491208,-0.45946157,185.42114,21.438475,830.0,482.0,105.0,202.17871,2251.0398,0.0
7,0,8,0,larvae-nymph small,0.0,0.244,0.265,0.03,0.45099998,0.01,1009.44745,504.55774,1650.0,1018.76526,506.77808,-4.7227817,62.555027,0.078999996,2280900.8,18834.0,0.6495699,1015.5,506.0,12234.0,4.0,40.580616,24.599764,124.06736,98.8103,176.44453,5.0,0.0,5.0,29.207537,21.94597,32.16928,943.0,442.0,124.06736,104.4768,122.02585,104.4768,98.8103,110.43672,122.02585,110.43672,176.44453,12234.0,0.558224,-0.5296926,-0.6386013,0.4990416,-0.40053675,0.76845807,0.6628299,0.7476604,-0.040749405,1089.0,571.0,1018.76526,506.77808,3.353358,6.4584546,4.667993,0.8182361,-0.5748823,-0.5748823,-0.8182361,357325.0,268487.0,393559.0,106.0,104.0,115.0,1.3177742,1.758499,1.8375806,770.13153,908.8839,613.61847,102.303604,92.82112,100.73022,29.0,23.0,32.0,770.13153,826.68195,608.1615,826.68195,908.8839,662.84106,608.1615,662.84106,613.61847,-0.9489128,-1.1501851,-0.88639855,1605962.0,1457106.0,1581263.0,145.0,137.0,155.0,-0.5152022,-0.3659173,-0.16668016,143.0,19.676634,1014.0,512.0,110.0,180.13708,2164.4297,0.0
8,0,9,0,nymph,0.0,0.08,0.81,0.0,0.11,0.0,2054.9795,573.54004,6271.8,2035.4932,576.3908,-2.5803287,110.587364,0.6930891,58408770.0,64277.0,0.5121272,2045.0,575.0,32918.0,5.0,80.91645,33.45593,239.59402,158.09358,134.86969,14.0,2.0,0.0,53.72289,28.87718,25.293852,1884.0,476.0,239.59402,168.38066,54.438316,168.38066,158.09358,90.99256,54.438316,90.99256,134.86969,32918.0,0.71626776,-0.4917227,-0.49514574,0.60692066,0.08878526,0.7897876,0.34439486,0.86621356,-0.36203068,2207.0,675.0,2035.4932,576.3908,0.0326019,2.2048948,2.4784138,0.8872335,0.46132058,0.46132058,-0.8872335,1768450.0,950579.0,832623.0,103.0,85.0,82.0,0.69794804,1.4191623,1.4153142,728.70624,1019.4539,1174.2485,117.19375,105.960495,115.30611,25.0,18.0,16.0,728.70624,850.7102,840.84686,850.7102,1019.4539,1025.8154,840.84686,1025.8154,1174.2485,-0.7010954,-0.97332984,-0.81565684,3215562.0,2907344.0,3163769.0,157.0,152.0,174.0,-0.61464256,-0.5123195,-0.44428787,334.52054,66.828705,2048.0,585.0,15.0,382.57568,1074.0996,1.0
9,0,10,0,larvae-nymph small,0.0,0.0,0.01,0.0,0.85,0.14,716.85254,564.46124,493.25,719.9259,580.9751,-0.5504862,44.585793,0.8649536,84658.914,6549.0,0.6987326,719.0,576.0,4576.0,4.0,27.441969,13.68739,134.8771,159.76721,170.6219,21.0,10.0,22.0,50.779064,40.33457,47.50612,690.0,521.0,134.8771,141.8639,111.01435,141.8639,159.76721,121.33023,111.01435,121.33023,170.6219,4576.0,0.55291796,-0.38912207,-0.73679423,0.6037626,-0.4223014,0.6761155,0.57424074,0.81868523,-0.0014393515,749.0,632.0,719.9259,580.9751,-0.39703164,-0.7475825,0.41143295,-0.08317448,-0.996535,0.996535,-0.08317448,232365.0,184571.0,217388.0,96.0,80.0,97.0,0.27721176,0.3371275,0.86670953,638.3092,812.1796,655.87866,116.52714,108.84706,121.59457,33.0,23.0,35.0,638.3092,714.1791,596.9825,714.1791,812.1796,676.4581,596.9825,676.4581,655.87866,0.023022916,-0.26668856,-0.38214168,1294500.0,1209182.0,1350794.0,144.0,138.0,159.0,-1.1169246,-1.0320919,-0.8057797,109.370926,15.852591,719.0,577.0,65.0,123.25484,1030.4185,0.0
10,0,11,0,nymph,0.05,0.12,0.82,0.0,0.01,0.0,1093.9127,649.8533,5417.75,1093.1764,629.5989,-1.8145897,90.190674,0.66903734,32882204.0,49312.0,0.5605329,1093.5,638.5,27641.0,4.0,67.737854,33.438694,170.84299,130.92522,203.61722,1.0,0.0,3.0,27.464237,18.256683,28.593683,960.0,547.0,170.84299,137.39508,151.76483,137.39508,130.92522,143.17857,151.76483,143.17857,203.61722,27641.0,0.57788926,-0.64378995,-0.50157607,0.5167563,-0.18703999,0.83545136,0.63166994,0.7419909,-0.22459413,1228.0,731.0,1093.1764,629.5989,2.7213078,7.145763,4.809246,0.9351484,-0.3542562,-0.3542562,-0.9351484,759139.0,504633.0,790358.0,112.0,106.0,120.0,1.3833547,2.1532373,2.044962,855.02014,1117.8817,867.07446,108.37157,99.73022,109.49788,17.0,12.0,24.0,855.02014,967.6884,787.0085,967.6884,1117.8817,909.7607,787.0085,909.7607,867.07446,-0.8928559,-1.010176,-0.7225649,2685339.0,2471215.0,2713248.0,146.0,139.0,158.0,-0.68307763,-0.63694495,-0.5121918,286.3564,172.19595,1074.0,635.0,2.0,344.3919,344.3919,0.0
11,0,12,0,molt,0.0,0.0,0.0,0.0,0.01,0.99,922.0717,586.2,88.333336,923.7616,584.9257,0.0,10.63324,0.23506543,1984.3334,588.0,0.54931974,923.0,585.5,323.0,3.0,6.9873605,3.9622703,43.310238,48.83478,29.426775,75.0,66.0,76.0,92.10836,79.06502,89.39009,913.0,572.0,43.310238,42.293266,23.44999,42.293266,48.83478,24.5412,23.44999,24.5412,29.426775,323.0,0.62315094,-0.2617292,-0.737008,0.6631497,-0.32275814,0.6753219,0.41462678,0.9095741,0.027561368,934.0,600.0,923.7616,584.9257,1.0774398,3.0696616,-0.19207034,0.44067556,-0.89766645,0.89766645,0.44067556,29751.0,25538.0,28873.0,117.0,111.0,106.0,0.273778,1.0542796,0.27159405,632.5257,750.0919,633.4766,104.14117,94.39087,98.45474,31.0,23.0,22.0,632.5257,681.04297,540.6232,681.04297,750.0919,592.5445,540.6232,592.5445,633.4766,-0.5035956,-0.8242833,-0.329659,520081.0,471388.0,491683.0,143.0,137.0,151.0,-0.52988446,-0.34541833,-0.37674522,28.460499,6.2117324,924.0,586.0,18.0,32.384777,111.81118,0.0
12,0,13,0,molt,0.0,0.0,0.0,0.0,0.21,0.79,1565.4471,592.6693,94.5,1563.1908,586.16864,-4.428078,16.498554,-0.024311809,3185.0,1054.0,0.64136624,1564.0,588.5,676.0,4.0,7.75562,7.1924105,19.228325,17.599943,34.66546,71.0,61.0,74.0,85.03107,77.12426,88.08728,1549.0,572.0,19.228325,15.318625,19.165928,15.318625,17.599943,19.120811,19.165928,19.120811,34.66546,676.0,0.50291544,-0.59416074,-0.6277333,0.48849002,-0.40376624,0.7735311,0.7130593,0.6956622,-0.08718132,1580.0,606.0,1563.1908,586.16864,0.48013636,0.35651895,0.14776342,-0.12031444,-0.99273586,0.99273586,-0.12031444,57481.0,52136.0,59547.0,100.0,91.0,106.0,0.47197518,0.17761943,0.7483293,315.71472,361.07745,284.60245,128.58981,122.86385,137.70474,58.0,50.0,78.0,315.71472,333.12012,282.05728,333.12012,361.07745,301.97665,282.05728,301.97665,284.60245,1.2817272,1.1433369,0.33091077,739520.0,706590.0,791940.0,148.0,142.0,164.0,-1.5156127,-1.5004764,-1.135349,24.41311,8.462945,1563.0,587.0,26.0,40.384777,220.03658,0.0
13,0,14,0,molt,0.0,0.0,0.0,0.0,0.02,0.98,980.7968,588.3102,37.4,981.1271,586.9933,-2.5957608,10.0519905,0.65987134,1765.3,486.0,0.6152263,981.0,587.5,299.0,5.0,7.1015534,3.6373987,158.63338,172.93999,137.59383,64.0,52.0,62.0,83.86288,69.42475,81.20401,968.0,579.0,158.63338,161.95456,118.75707,161.95456,172.93999,128.0906,118.75707,128.0906,137.59383,299.0,0.59200925,-0.4081488,-0.6949386,0.6234749,-0.31445926,0.71581733,0.51068985,0.8570472,-0.06830774,995.0,597.0,981.1271,586.9933,-0.21805513,0.007949191,0.6097304,0.9134544,-0.4069411,-0.4069411,-0.9134544,25075.0,20758.0,24280.0,120.0,110.0,117.0,0.85987324,0.93100005,1.0804311,1237.4673,1361.6312,1040.7356,98.56558,89.82239,97.44833,13.0,5.0,20.0,1237.4673,1289.925,1058.8857,1289.925,1361.6312,1113.8889,1058.8857,1113.8889,1040.7356,-0.7915362,-1.020648,-0.8299363,481690.0,438962.0,476230.0,143.0,137.0,151.0,-0.6539489,-0.5043451,-0.41517615,28.653097,5.459029,980.0,585.0,21.0,32.79899,114.63961,0.0
14,0,15,0,larvae-nymph small,0.0,0.0,0.0,0.0,0.95,0.05,895.2762,631.3532,908.75,892.9575,627.07776,-5.5026073,37.709824,0.008094324,820360.94,8085.0,0.550402,894.0,629.0,4450.0,4.0,29.20661,12.404479,107.491554,113.24691,227.11551,35.0,22.0,5.0,59.61326,44.528988,37.489662,842.0,591.0,107.491554,104.61334,81.01566,104.61334,113.24691,101.91423,81.01566,101.91423,227.11551,4450.0,0.46126315,-0.57716453,-0.67388237,0.51319695,-0.44601655,0.733279,0.7237853,0.684069,-0.090468064,947.0,668.0,892.9575,627.07776,-0.41207206,-0.18823776,-0.18085212,0.858777,0.51234955,0.51234955,-0.858777,265279.0,198154.0,166829.0,96.0,81.0,88.0,0.14904025,0.47823796,0.64379007,839.20386,1029.6761,875.9459,110.09442,101.74642,110.50795,17.0,10.0,29.0,839.20386,922.2763,775.4266,922.2763,1029.6761,868.94507,775.4266,868.94507,875.9459,-0.27175114,-0.6848653,-1.0486394,1246489.0,1151973.0,1251171.0,146.0,140.0,159.0,-0.8221252,-0.6913587,-0.29860768,103.87011,13.720841,895.0,628.0,74.0,129.26703,1015.3423,0.0
15,0,16,0,larvae-nymph small,0.0,0.0,0.03,0.0,0.69,0.28,1462.8334,665.73413,1731.25,1459.923,684.8678,-1.296581,52.121758,-0.14598466,1920383.6,12780.0,0.45813772,1461.5,674.5,5855.0,4.0,32.729576,15.985647,286.5708,347.84915,331.09293,26.0,11.0,13.0,57.05841,45.650726,51.593,1417.0,604.0,286.5708,309.42398,284.957,309.42398,347.84915,313.4493,284.957,313.4493,331.09293,5855.0,0.5480091,-0.36967444,-0.75035113,0.60425204,-0.4453469,0.660716,0.57841635,0.8154796,0.020677624,1507.0,746.0,1459.923,684.8678,2.2533104,1.3314836,0.7726255,-0.5168167,-0.8560961,0.8560961,-0.5168167,334077.0,267285.0,302077.0,124.0,116.0,114.0,1.2295148,0.95207816,0.8071053,747.6065,973.7812,897.4114,112.544754,103.63555,113.0881,35.0,20.0,22.0,747.6065,846.1458,759.9706,846.1458,973.7812,873.9427,759.9706,873.9427,897.4114,-0.68337935,-0.7329217,-0.19449638,1584180.0,1458774.0,1591828.0,147.0,141.0,159.0,-0.77245545,-0.73461604,-0.82965726,145.78409,88.59798,1470.0,677.0,1.0,176.82338,88.59798,0.0
16,0,17,0,larvae-nymph small,0.0,0.023333333,0.17666668,0.0,0.8,0.0,1886.0289,753.0977,1023.4,1884.436,746.7541,-3.3002641,55.073177,0.60836923,1661474.2,14453.0,0.64595586,1885.0,749.0,9336.0,5.0,39.953766,18.749933,71.31325,48.179264,81.26472,18.0,9.0,7.0,37.89021,25.470009,31.862469,1837.0,675.0,71.31325,53.069595,51.452126,53.069595,48.179264,47.81314,51.452126,47.81314,81.26472,9336.0,0.5980765,-0.5920385,-0.54018044,0.50586057,-0.24391682,0.8274115,0.62161857,0.7681113,-0.15360801,1934.0,824.0,1884.436,746.7541,-0.17784204,0.2463845,3.0623705,0.42972383,-0.90296036,0.90296036,0.42972383,353743.0,237788.0,297468.0,74.0,58.0,87.0,0.45044467,0.50227135,1.3882525,1008.5689,1247.3578,1103.5549,112.16675,102.27053,113.22065,37.0,25.0,23.0,1008.5689,1110.5182,968.2375,1110.5182,1247.3578,1100.8972,968.2375,1100.8972,1103.5549,-1.1134282,-1.2620053,-0.68871665,1621146.0,1478116.0,1636378.0,156.0,148.0,171.0,-0.5186484,-0.425933,-0.5648715,162.01234,21.857214,1884.0,749.0,88.0,179.48022,1923.4348,0.0
17,0,18,0,molt,0.0,0.07,0.065,0.0,0.215,0.65,2069.1306,776.1511,2425.0,2074.9705,776.8612,-2.3797572,60.537617,0.18097979,6006509.5,23838.0,0.49135834,2072.0,776.5,11713.0,5.0,43.655785,26.551956,144.20973,115.446266,120.95096,36.0,29.0,44.0,73.58346,65.081024,69.99411,2004.0,690.0,144.20973,123.5898,113.659805,123.5898,115.446266,103.027794,113.659805,103.027794,120.95096,11713.0,0.62310076,-0.4588497,-0.63340545,0.55766475,-0.30719528,0.7711297,0.54841185,0.8337194,-0.064470686,2141.0,864.0,2074.9705,776.8612,1.7373751,2.270554,0.7919655,-0.3402153,-0.94034755,0.94034755,-0.3402153,861883.0,762294.0,819841.0,129.0,123.0,116.0,1.0171694,0.8444998,0.8343409,613.9547,743.3357,785.0928,118.57181,110.39747,121.69131,18.0,13.0,24.0,613.9547,668.2527,641.97986,668.2527,743.3357,720.2365,641.97986,720.2365,785.0928,-0.14087981,-0.32928327,-0.48518628,2434872.0,2267012.0,2498931.0,157.0,150.0,170.0,-0.7611555,-0.6942164,-0.520596,150.35957,136.26703,2083.0,797.0,2.0,272.53406,283.19092,1.0
18,0,19,0,larvae-nymph small,0.0,0.04166667,0.375,0.01,0.55333334,0.02,1351.6001,765.32635,1002.0,1351.445,758.6238,-1.7301757,56.600773,0.9861913,2103875.2,16958.0,0.64547706,1351.5,761.0,10946.0,6.0,40.35219,21.884594,115.04901,67.156204,71.90631,7.0,2.0,5.0,30.933401,22.17157,26.435137,1291.0,692.0,115.04901,81.34781,62.607548,81.34781,67.156204,51.283283,62.607548,51.283283,71.90631,10946.0,0.6980045,-0.46523526,-0.5443766,0.5321219,-0.17174281,0.82906616,0.47920358,0.8683666,-0.12768461,1413.0,831.0,1351.445,758.6238,-0.36659953,0.18208164,2.5340068,0.61729383,-0.7867327,0.7867327,0.61729383,338597.0,242690.0,289359.0,68.0,58.0,72.0,0.5591367,0.71713513,1.2979779,978.7134,1202.0018,1082.5219,100.05517,90.94555,98.25033,20.0,12.0,16.0,978.7134,1075.1578,957.76447,1075.1578,1202.0018,1070.2849,957.76447,1070.2849,1082.5219,-1.2668499,-1.3741783,-1.0413194,1528843.0,1389648.0,1501265.0,146.0,141.0,159.0,-0.2009028,-0.112016834,-0.09545131,164.5418,42.137062,1355.0,759.0,16.0,184.3503,674.193,0.0
19,0,20,0,molt,0.0,0.0,0.01,0.0,0.19,0.8,2173.3994,737.1971,152.2,2182.695,732.32556,2.454422,22.456537,1.567967,29023.7,2214.0,0.65627825,2179.5,734.0,1453.0,5.0,14.453422,8.865253,27.006517,19.924131,62.03679,68.0,60.0,70.0,80.13765,72.23056,83.39574,2153.0,714.0,27.006517,20.152023,21.162321,20.152023,19.924131,17.746338,21.162321,17.746338,62.03679,1453.0,0.4494403,-0.6198939,-0.64322233,0.37712887,-0.5210652,0.76567936,0.80980074,0.58670485,0.00040778331,2207.0,755.0,2182.695,732.32556,0.8750565,1.6750921,4.1259017,0.96162254,0.27437586,0.27437586,-0.96162254,116440.0,104951.0,121174.0,102.0,94.0,122.0,0.9031317,0.8457838,1.8090634,342.01987,388.19382,437.31625,127.73859,121.13386,134.80626,71.0,59.0,71.0,342.01987,359.20898,348.473,359.20898,388.19382,383.3687,348.473,383.3687,437.31625,0.47760257,0.26034877,-0.13777138,951397.0,902205.0,1004037.0,149.0,142.0,164.0,-1.3483442,-1.2944491,-1.0137519,46.32494,22.732128,2179.0,738.0,7.0,67.69849,165.36754,1.0
20,0,21,0,nymph,0.05,0.19,0.69,0.01,0.06,0.0,1608.8674,822.90186,2322.4285,1639.7085,822.329,-1.6453989,135.96959,0.28194612,5700406.5,54448.0,0.70142156,1630.5,822.5,38191.0,7.0,79.12413,39.204876,445.39438,228.19315,137.61409,12.0,0.0,0.0,47.03574,26.78872,23.404257,1465.0,741.0,445.39438,291.80673,21.28968,291.80673,228.19315,67.26186,21.28968,67.26186,137.61409,38191.0,0.81215286,-0.27574024,-0.5141741,0.57333994,0.21387637,0.79090977,0.108115956,0.9371362,-0.3317932,1797.0,905.0,1639.7085,822.329,0.44981876,0.5179565,2.5870814,0.99838173,-0.056867234,-0.056867234,-0.99838173,1796342.0,1023088.0,893832.0,115.0,79.0,88.0,1.1867894,1.1708794,1.35002,827.29846,1108.4711,1089.5138,114.92884,105.151115,113.67202,23.0,18.0,10.0,827.29846,947.70294,894.07745,947.70294,1108.4711,1052.8833,894.07745,1052.8833,1089.5138,-0.64117754,-0.84214455,-0.6047924,3120433.0,2854958.0,3086309.0,151.0,144.0,164.0,-0.7917333,-0.70881075,-0.64537454,332.0196,100.253815,1628.0,823.0,7.0,349.2254,820.65894,1.0
21,0,22,0,molt,0.0,0.0,0.0,0.0,0.0,1.0,1973.5383,764.8523,176.0,1972.7002,767.4177,-1.7872151,20.843765,-0.48857954,8163.3335,1968.0,0.6422764,1973.0,766.5,1264.0,4.0,11.351844,9.811525,200.07982,191.40796,158.93486,72.0,62.0,72.0,95.0894,85.05855,91.84256,1953.0,743.0,200.07982,191.37451,149.17705,191.37451,191.40796,153.69751,149.17705,153.69751,158.93486,1264.0,0.6091296,-0.48583248,-0.6268396,0.60339755,-0.22901471,0.7638479,0.5146576,0.8435159,-0.15365049,1994.0,791.0,1972.7002,767.4177,0.124025986,0.51192915,1.7041698,-0.6070285,-0.79468006,0.79468006,-0.6070285,120193.0,107514.0,116089.0,137.0,127.0,141.0,0.9555562,1.108816,1.2708749,689.81525,901.9668,978.87946,120.717545,111.41915,120.300316,37.0,21.0,21.0,689.81525,781.3474,767.2912,781.3474,901.9668,895.47614,767.2912,895.47614,978.87946,0.7105303,0.4526075,0.7169952,878703.0,811020.0,875666.0,153.0,148.0,165.0,-1.1364322,-1.0660048,-1.0410931,25.317978,9.220785,1971.0,770.0,36.0,65.769554,331.94827,0.0
22,0,23,0,molt,0.0,0.0,0.0,0.0,0.0,1.0,1261.6084,756.8706,71.5,1259.7153,758.7995,-2.0736158,11.66006,0.5648947,3765.6667,690.0,0.5855073,1260.5,758.0,404.0,4.0,7.933753,4.4129286,88.79675,105.868805,92.74208,56.0,40.0,66.0,91.33416,78.50247,87.55446,1246.0,747.0,88.79675,91.32467,62.82215,91.32467,105.868805,65.775856,62.82215,65.775856,92.74208,404.0,0.58035105,-0.30510333,-0.75505275,0.63021344,-0.41895398,0.65368843,0.5157749,0.8552131,0.050860167,1276.0,770.0,1259.7153,758.7995,2.0097904,1.36232,-0.091204494,0.88909966,0.4577137,0.4577137,-0.88909966,36899.0,31715.0,35372.0,128.0,116.0,120.0,0.08842926,0.2512525,0.5168446,1038.5204,1213.397,1005.36005,99.10121,90.1311,97.35433,19.0,12.0,18.0,1038.5204,1111.3782,950.79407,1111.3782,1213.397,1029.3436,950.79407,1029.3436,1005.36005,-0.7739183,-1.0113674,-0.69018346,523849.0,476433.0,514615.0,143.0,139.0,156.0,-0.5461712,-0.37155136,-0.34836578,33.83785,6.2438674,1261.0,759.0,24.0,36.455845,149.85281,0.0
23,0,24,0,nymph,0.02,0.15,0.78,0.0,0.05,0.0,1136.7051,906.95276,2049.375,1136.4006,932.99915,0.35236713,124.59735,1.2360425,7912320.0,50244.0,0.6736924,1136.5,924.5,33849.0,8.0,77.437096,35.714035,215.44124,142.75063,186.08641,10.0,3.0,0.0,54.102898,27.670685,21.139975,1058.0,766.0,215.44124,145.63316,17.924324,145.63316,142.75063,82.53125,17.924324,82.53125,186.08641,33849.0,0.69100285,-0.48946205,-0.5319229,0.6183357,0.019101791,0.7856819,0.3744008,0.8718154,-0.31585127,1216.0,1084.0,1136.4006,932.99915,1.0533928,1.055474,3.3710732,0.20119597,-0.979551,0.979551,0.20119597,1831329.0,936625.0,715567.0,108.0,76.0,99.0,1.2577144,1.246868,1.6062801,693.0231,996.02466,873.555,111.117935,101.498955,108.72312,16.0,16.0,12.0,693.0231,821.02203,708.6123,821.02203,996.02466,867.2191,708.6123,867.2191,873.555,-0.6434529,-0.974772,-0.7454085,2932069.0,2678253.0,2868877.0,144.0,140.0,158.0,-0.7534403,-0.6340462,-0.49867526,314.86505,105.747475,1131.0,925.0,4.0,356.49243,618.88434,3.0
24,0,25,0,larvae-nymph small,0.0,0.03,0.0,0.0,0.87,0.1,1239.7468,808.07825,380.25,1241.5386,805.8217,-3.0210006,43.538937,0.313287,6880.25,5060.0,0.6994071,1241.0,806.5,3539.0,4.0,28.028154,10.198944,85.60434,66.32506,107.80031,8.0,1.0,8.0,32.76095,23.436281,33.26985,1184.0,785.0,85.60434,70.281746,75.15239,70.281746,66.32506,68.29679,75.15239,68.29679,107.80031,3539.0,0.5772222,-0.5333452,-0.6183505,0.5112096,-0.35447386,0.7829515,0.6367725,0.76804376,-0.068041,1299.0,829.0,1241.5386,805.8217,-0.3225563,-0.18148689,3.2806425,0.9998447,-0.017624008,-0.017624008,-0.9998447,115941.0,82941.0,117742.0,67.0,55.0,95.0,0.4377606,0.48069495,1.3089354,782.02057,970.3028,719.57104,99.64858,89.835785,95.10634,26.0,15.0,29.0,782.02057,860.54266,667.9484,860.54266,970.3028,751.1225,667.9484,751.1225,719.57104,-1.0086408,-1.1787,-0.9470894,1048602.0,945342.0,1000804.0,143.0,137.0,146.0,-0.34886244,-0.17506336,-0.19992767,111.16204,13.369545,1241.0,807.0,63.0,121.870056,842.2813,0.0
25,0,26,0,larvae-nymph small,0.02,0.31083333,0.30333334,0.0,0.35583335,0.01,951.93884,867.50555,2071.0,945.1212,849.3218,-1.7967776,73.745865,0.0021742934,3203163.5,24523.0,0.57774335,948.0,857.0,14168.0,5.0,43.282784,27.790638,241.79398,211.50125,250.13951,8.0,2.0,6.0,34.21746,26.980873,36.72346,859.0,789.0,241.79398,219.61116,224.75113,219.61116,211.50125,209.1303,224.75113,209.1303,250.13951,14168.0,0.5907964,-0.41741168,-0.6904543,0.550873,-0.41656616,0.7231954,0.5894901,0.80761385,0.016164962,1038.0,926.0,945.1212,849.3218,3.6396515,4.637304,2.5672133,0.9335267,0.35850793,0.35850793,-0.9335267,484793.0,382265.0,520298.0,123.0,116.0,119.0,1.6847581,1.8785735,1.5387607,819.99866,1024.4376,872.4284,104.127014,94.887375,103.12372,26.0,18.0,12.0,819.99866,908.3048,766.1653,908.3048,1024.4376,860.4284,766.1653,860.4284,872.4284,-0.83411956,-0.90584564,0.1868145,1961024.0,1787014.0,1942129.0,144.0,139.0,157.0,-0.57829565,-0.49566987,-0.6622708,87.46428,84.269554,946.0,854.0,4.0,214.36754,437.4752,1.0
26,0,27,0,larvae-nymph small,0.0,0.0,0.01,0.0,0.99,0.0,825.0817,897.94855,792.25,821.25867,891.3611,-4.9540315,46.712738,0.1315277,594752.25,9760.0,0.6753074,822.5,893.5,6591.0,4.0,31.884148,16.876776,102.2541,91.53558,157.69057,28.0,12.0,8.0,49.921864,30.930359,34.367775,783.0,833.0,102.2541,91.25112,109.090485,91.25112,91.53558,107.77648,109.090485,107.77648,157.69057,6591.0,0.53424275,-0.6082279,-0.5870635,0.5140222,-0.31759313,0.79681605,0.67109305,0.72745687,-0.14297082,863.0,955.0,821.25867,891.3611,0.74242085,1.0973442,1.0096622,-0.38336426,-0.9235972,0.9235972,-0.38336426,329035.0,203862.0,226518.0,89.0,74.0,85.0,1.0487465,1.1774089,1.1534971,1076.2683,1259.0315,1206.3479,104.59764,94.878456,104.738754,17.0,11.0,18.0,1076.2683,1148.4515,1080.9865,1148.4515,1259.0315,1178.9956,1080.9865,1178.9956,1206.3479,-0.4323337,-0.99085295,-0.6317323,1330482.0,1206854.0,1332277.0,144.0,139.0,158.0,-0.8366341,-0.56976765,-0.63520074,124.08465,17.09763,823.0,893.0,74.0,147.50967,1265.2245,0.0
27,0,28,0,molt,0.0,0.0,0.02,0.01,0.3,0.67,1406.8723,907.30304,380.8,1407.6903,897.7858,-0.9491912,46.396763,0.67002714,131310.2,8184.0,0.7673509,1407.5,900.0,6280.0,5.0,25.264174,19.963991,77.85787,67.43728,76.01158,41.0,35.0,48.0,71.61465,64.416405,70.644585,1364.0,854.0,77.85787,68.02097,57.270367,68.02097,67.43728,53.560894,57.270367,53.560894,76.01158,6280.0,0.6091136,-0.4187212,-0.6735378,0.5657404,-0.3657725,0.73901844,0.5558043,0.83119375,-0.014090491,1452.0,947.0,1407.6903,897.7858,1.3786027,1.489702,0.5174962,0.6264389,-0.77947056,0.77947056,0.6264389,449740.0,404535.0,443648.0,117.0,112.0,115.0,0.29937422,-0.05754946,0.77059054,579.88574,684.56775,544.7326,116.404205,109.73678,120.23401,27.0,16.0,27.0,579.88574,621.84247,513.74384,621.84247,684.56775,564.2547,513.74384,564.2547,544.7326,0.5482587,0.14921086,0.5630252,1366469.0,1288200.0,1411427.0,146.0,142.0,157.0,-1.0960675,-0.9625963,-0.8959535,99.64437,16.57838,1407.0,897.0,64.0,114.29646,1112.6144,1.0
28,0,29,0,nymph,0.0,0.13,0.85,0.0,0.02,0.0,1908.0116,1027.3615,4228.8335,1923.3778,1009.77167,0.11760944,125.424164,1.2092382,29205924.0,66332.0,0.61748475,1917.5,1016.5,40959.0,6.0,81.239815,40.671223,281.74103,138.02155,98.79751,8.0,1.0,0.0,42.066677,24.127956,25.314558,1815.0,856.0,281.74103,171.83974,43.78007,171.83974,138.02155,66.27699,43.78007,66.27699,98.79751,40959.0,0.8002596,-0.39687225,-0.44952974,0.55451214,0.20441812,0.80667806,0.22825612,0.8948216,-0.38365805,2021.0,1178.0,1923.3778,1009.77167,0.64039564,1.244499,3.4919567,0.40279925,-0.9152883,0.9152883,0.40279925,1723009.0,988257.0,1036859.0,102.0,77.0,82.0,1.0948285,1.2394973,1.4585623,918.7261,1205.9154,1243.8131,115.661064,105.7991,115.45546,22.0,16.0,20.0,918.7261,1043.2238,988.4966,1043.2238,1205.9154,1153.1035,988.4966,1153.1035,1243.8131,-0.7708182,-0.9842419,-0.81833583,3194096.0,2921748.0,3188418.0,154.0,149.0,168.0,-0.71985537,-0.6254322,-0.5759099,333.5206,97.8281,1925.0,1020.0,9.0,370.2914,935.4651,1.0
29,0,30,0,nymph,0.05,0.25,0.65,0.0,0.05,0.0,802.28314,1099.901,8100.3335,828.8348,1120.5204,0.5221,106.90015,1.3748018,164501940.0,86989.0,0.44128567,814.0,1109.0,38387.0,6.0,101.30077,36.733166,207.1683,157.78186,223.11339,9.0,0.0,0.0,39.289135,23.160263,29.873707,670.0,959.0,207.1683,157.95248,133.49716,157.95248,157.78186,158.25899,133.49716,158.25899,223.11339,38387.0,0.5784609,-0.69255304,-0.43099102,0.55092824,-0.05793976,0.8325389,0.60154885,0.71903634,-0.34803116,959.0,1260.0,828.8348,1120.5204,4.230695,12.013261,7.172805,-0.6451737,-0.7640359,0.7640359,-0.6451737,1508192.0,889053.0,1146762.0,131.0,126.0,147.0,1.481384,2.6856728,2.2459528,715.1557,1003.443,814.77734,111.999596,102.64126,113.42547,32.0,12.0,14.0,715.1557,837.50037,706.7886,837.50037,1003.443,843.40735,706.7886,843.40735,814.77734,-0.6774721,-0.7930474,-0.1353199,3860402.0,3537839.0,3909549.0,145.0,139.0,158.0,-0.807699,-0.75935984,-0.80907863,385.37903,93.892624,839.0,1139.0,9.0,462.04373,922.97473,1.0
30,0,31,0,larvae-nymph small,0.0,0.0,0.01,0.0,0.99,0.0,1420.2738,1041.0125,772.2,1422.5206,1040.9896,-3.3119633,36.26643,0.6069818,1025165.7,8500.0,0.5457647,1421.5,1041.0,4639.0,5.0,28.46556,13.239763,68.96161,65.24972,127.82126,33.0,22.0,15.0,50.107998,36.666306,35.712223,1372.0,999.0,68.96161,62.68316,77.64328,62.68316,65.24972,80.13441,77.64328,80.13441,127.82126,4639.0,0.5024354,-0.62229615,-0.6002551,0.50196743,-0.35531715,0.7885293,0.7039797,0.69749355,-0.1338485,1472.0,1084.0,1422.5206,1040.9896,1.3684549,1.818359,2.8415844,0.7879809,0.6156997,0.6156997,-0.7879809,232451.0,170095.0,165669.0,86.0,80.0,96.0,1.0995753,1.3053288,1.5750482,575.039,773.1051,747.36255,116.145454,108.143456,116.853935,48.0,34.0,29.0,575.039,660.7226,612.2413,660.7226,773.1051,711.9727,612.2413,711.9727,747.36255,-0.52038556,-0.7404374,-0.28448668,1334279.0,1242352.0,1342418.0,145.0,141.0,158.0,-0.85759,-0.76863486,-0.74143827,120.67311,13.574864,1422.0,1039.0,71.0,132.16652,963.81537,0.0
31,0,32,0,nymph,0.0,0.17,0.76,0.01,0.04,0.02,1708.9752,1156.2214,3064.6667,1698.0564,1174.3969,-0.21401857,129.2507,1.2081069,20536294.0,67774.0,0.5930298,1702.5,1167.0,40192.0,9.0,78.72717,42.06773,267.31735,200.86685,183.5962,22.0,2.0,0.0,55.823322,28.625149,22.688171,1600.0,1003.0,267.31735,198.95442,41.917614,198.95442,200.86685,105.27234,41.917614,105.27234,183.5962,40192.0,0.69219583,-0.47399876,-0.5442335,0.6393898,0.05301069,0.7670531,0.33473203,0.87892836,-0.33976376,1806.0,1332.0,1698.0564,1174.3969,0.9016027,1.007469,2.8873518,-0.35696125,-0.93411916,0.93411916,-0.35696125,2243651.0,1150502.0,911883.0,117.0,86.0,87.0,1.2159076,1.2832977,1.6091354,765.69666,1125.377,1091.5122,119.62534,109.27606,119.5148,28.0,17.0,4.0,765.69666,919.6428,851.8188,919.6428,1125.377,1051.5287,851.8188,1051.5287,1091.5122,-0.54018307,-0.738847,-0.46431106,3422840.0,3126716.0,3419677.0,153.0,148.0,165.0,-0.8415154,-0.7875243,-0.72663486,340.14703,128.43251,1709.0,1171.0,6.0,385.4041,884.3057,5.0
32,0,33,0,larvae-nymph small,0.0,0.0,0.01,0.0,0.93,0.06,628.8997,1071.4167,855.8333,626.4681,1069.8241,-1.6851498,46.89365,0.98825955,1356510.6,12100.0,0.5756198,627.5,1070.5,6965.0,6.0,34.077587,16.598948,110.91125,119.752014,205.90327,35.0,20.0,21.0,58.331226,39.833885,46.04264,573.0,1016.0,110.91125,111.21669,122.30576,111.21669,119.752014,129.15482,122.30576,129.15482,205.90327,6965.0,0.5023579,-0.49550247,-0.7085999,0.5260455,-0.4752577,0.70527035,0.6862308,0.72705394,-0.0219074,683.0,1126.0,626.4681,1069.8241,0.12655206,0.23081304,0.15543239,-0.7019794,-0.71219724,0.71219724,-0.7019794,406277.0,277443.0,320687.0,101.0,88.0,97.0,0.7834062,0.9401876,0.938415,386.40097,583.0728,482.33435,120.1668,110.67787,123.489006,42.0,23.0,51.0,386.40097,469.76385,400.11093,469.76385,583.0728,493.12292,400.11093,493.12292,482.33435,0.47473493,0.081128985,-0.03156134,1590648.0,1465043.0,1634624.0,143.0,137.0,156.0,-1.2375498,-1.111214,-0.94722503,133.73482,47.76781,622.0,1072.0,7.0,154.72287,334.37466,0.0
33,0,34,0,apterous adult,0.01,0.9,0.09,0.0,0.0,0.0,1191.0723,1274.2622,4537.5,1174.2726,1257.9126,0.3959787,173.42201,1.171987,34530012.0,116660.0,0.6888394,1179.5,1263.0,80360.0,8.0,91.71065,71.584564,148.43082,108.39605,144.34506,0.0,0.0,0.0,27.635141,19.170073,25.789062,990.0,1110.0,148.43082,114.3649,101.03602,114.3649,108.39605,99.77153,101.03602,99.77153,144.34506,80360.0,0.6120723,-0.5973237,-0.5182392,0.5401109,-0.16291103,0.82567567,0.57762253,0.7852798,-0.2229077,1370.0,1417.0,1174.2726,1257.9126,4.3098607,10.680679,11.976971,0.872171,-0.48920113,-0.48920113,-0.872171,2220760.0,1540507.0,2072409.0,131.0,130.0,125.0,1.3409235,2.121072,2.9170024,760.56866,968.94214,870.5335,114.33044,106.41566,114.49044,23.0,14.0,9.0,760.56866,849.84204,756.34125,849.84204,968.94214,864.1515,756.34125,864.1515,870.5335,0.04985904,-0.3015899,0.13724963,4161628.0,3873530.0,4167452.0,148.0,141.0,160.0,-1.1154851,-0.9931616,-0.9152017,303.63794,241.12668,1233.0,1233.0,4.0,418.27417,998.06305,2.0
34,0,35,0,larvae-nymph small,0.0,0.0,0.01,0.01,0.82,0.16,1483.5596,1178.8546,1032.0,1479.2388,1176.0128,-5.346564,34.770084,0.0864429,1162958.0,7888.0,0.47667342,1481.5,1177.5,3760.0,4.0,32.025692,10.000055,124.55,121.998245,118.91102,9.0,4.0,13.0,37.0992,28.401329,37.33165,1448.0,1120.0,124.55,118.10966,99.65301,118.10966,121.998245,97.11344,99.65301,97.11344,118.91102,3760.0,0.5966204,-0.3615092,-0.7164881,0.5877558,-0.41106224,0.6968292,0.54643136,0.83686256,0.032769002,1516.0,1236.0,1479.2388,1176.0128,-0.30190134,0.028339593,1.8660715,0.3646733,-0.93113554,0.93113554,0.3646733,139493.0,106789.0,140367.0,79.0,71.0,94.0,0.4375386,0.6660742,1.1332562,897.41064,1078.0364,809.9739,109.75877,100.9093,110.01223,25.0,15.0,29.0,897.41064,975.9444,801.55774,975.9444,1078.0364,880.27856,801.55774,880.27856,809.9739,-0.68844163,-0.86469245,-0.4214799,1247628.0,1147036.0,1250509.0,149.0,142.0,165.0,-0.737897,-0.6269109,-0.5535144,121.49074,13.049861,1478.0,1180.0,72.0,135.29646,939.58997,0.0
35,0,36,0,molt,0.0,0.0,0.0,0.0,0.11,0.89,2067.0637,1139.1818,27.5,2069.9424,1139.6549,1.9794006,8.754743,1.1985371,417.0,336.0,0.67261904,2069.0,1139.5,226.0,4.0,5.1005,3.6808035,25.362831,20.654005,24.572716,71.0,64.0,73.0,83.0,72.78761,84.19469,2059.0,1132.0,25.362831,19.429203,16.530973,19.429203,20.654005,14.970553,16.530973,14.970553,24.572716,226.0,0.61876893,-0.44014215,-0.65069187,0.5516356,-0.34628308,0.75880575,0.559306,0.82847023,-0.02852888,2080.0,1148.0,2069.9424,1139.6549,-0.260774,0.4415817,-0.04159599,0.98007464,-0.19862962,-0.19862962,-0.98007464,18758.0,16450.0,19028.0,98.0,88.0,101.0,0.4223475,0.7280388,0.37083757,492.93033,591.43164,464.73184,128.26355,121.34236,136.758,52.0,42.0,73.0,492.93033,533.771,440.3755,533.771,591.43164,491.8566,440.3755,491.8566,464.73184,1.0180477,0.6966754,-0.043372363,577699.0,546526.0,615958.0,151.0,145.0,165.0,-1.4835627,-1.4211351,-1.072021,19.723083,5.372803,2071.0,1140.0,19.0,24.899494,102.08326,0.0
36,0,37,0,molt,0.0,0.0,0.0,0.0,0.28,0.72,2269.2874,1176.2633,94.0,2267.4487,1170.8884,0.447379,18.419367,-1.0326703,1894.0,1254.0,0.7001595,2268.0,1172.5,878.0,4.0,9.18105,7.7866006,13.335916,8.808589,19.148474,69.0,62.0,71.0,78.8451,71.542145,82.10478,2252.0,1154.0,13.335916,7.143202,8.418281,7.143202,8.808589,4.9671106,8.418281,4.9671106,19.148474,878.0,0.5775223,-0.5075861,-0.63939375,0.3885004,-0.5179602,0.7620923,0.718008,0.68852997,0.10193617,2285.0,1192.0,2267.4487,1170.8884,0.09938826,0.6236656,1.4424638,0.16345696,-0.98655045,0.98655045,0.16345696,69226.0,62814.0,72088.0,91.0,81.0,100.0,0.64347243,0.4889581,0.90089405,447.3041,508.13858,507.3437,127.86827,121.08318,138.9082,66.0,60.0,79.0,447.3041,471.38412,431.74103,471.38412,508.13858,473.6386,431.74103,473.6386,507.3437,-0.44780108,-0.65167934,-0.7486386,771685.0,730737.0,838311.0,153.0,148.0,169.0,-0.92494816,-0.8508876,-0.6865638,35.014282,9.690062,2268.0,1171.0,31.0,43.213203,300.3919,0.0
37,0,38,0,molt,0.0,0.02,0.0,0.0,0.07,0.91,2307.9958,1225.8074,866.375,2309.206,1233.4712,-0.0060353987,34.39555,1.4358177,2405620.0,11880.0,0.4165825,2308.5,1229.0,4949.0,8.0,37.801533,15.594802,235.35283,193.53067,195.66887,48.0,40.0,50.0,81.50455,72.77268,81.66458,2265.0,1162.0,235.35283,208.57741,198.74309,208.57741,193.53067,181.26826,198.74309,181.26826,195.66887,4949.0,0.61770004,-0.4550219,-0.6414061,0.5602122,-0.31780234,0.7649601,0.551914,0.8318394,-0.058602303,2353.0,1297.0,2309.206,1233.4712,0.9090698,1.9976058,0.9599769,-0.39802802,-0.91737324,0.91737324,-0.39802802,403366.0,360152.0,404158.0,149.0,141.0,145.0,0.8929543,1.0469162,0.90439415,515.9767,580.6715,656.3935,126.81257,119.28398,134.1388,54.0,47.0,63.0,515.9767,542.1201,546.11176,542.1201,580.6715,587.93164,546.11176,587.93164,656.3935,-0.50074774,-0.6957351,-0.68594325,1903203.0,1790214.0,2013155.0,155.0,148.0,169.0,-0.95425457,-0.870275,-0.7455666,147.63469,81.13064,2302.0,1235.0,3.0,214.00714,243.39192,0.0
38,0,39,0,larvae-nymph small,0.0,0.0,0.05,0.0,0.95,0.0,2167.4138,1259.9493,1085.8,2166.6375,1252.5396,-3.0879564,43.9846,0.64467174,1999632.8,11625.0,0.53298926,2167.0,1256.0,6196.0,5.0,35.26182,14.199128,48.052605,40.058388,77.064285,23.0,9.0,9.0,43.328114,27.241123,31.537443,2121.0,1194.0,48.052605,36.579052,35.819298,36.579052,40.058388,40.778736,35.819298,40.778736,77.064285,6196.0,0.5106978,-0.66541713,-0.5444335,0.5057995,-0.27953112,0.81610614,0.6952371,0.69215775,-0.19381173,2214.0,1319.0,2166.6375,1252.5396,0.16423085,1.2782738,2.8059564,0.56359893,-0.8260486,0.8260486,0.56359893,268461.0,168786.0,195406.0,69.0,58.0,81.0,0.5561801,0.88458955,1.2603661,882.2453,1151.0966,1283.5325,114.17109,103.64029,115.277214,41.0,24.0,19.0,882.2453,997.295,992.81976,997.295,1151.0966,1162.801,992.81976,1162.801,1283.5325,-0.9436084,-1.0635434,-0.6840287,1458764.0,1324212.0,1472897.0,152.0,147.0,165.0,-0.65773,-0.5761085,-0.66931766,136.89412,17.957533,2168.0,1253.0,78.0,155.82338,1400.6875,0.0
39,0,40,0,molt,0.0,0.0,0.0,0.0,0.21,0.79,1551.9148,1233.394,86.8,1552.7391,1236.3606,-0.29591408,19.968721,-0.025991809,3328.7,1496.0,0.70989305,1552.5,1235.5,1062.0,5.0,11.025422,7.850593,16.433077,12.057487,49.549377,67.0,59.0,62.0,78.69303,69.118645,79.27025,1536.0,1214.0,16.433077,11.346212,22.831545,11.346212,12.057487,17.973587,22.831545,17.973587,49.549377,1062.0,0.43525067,-0.57176983,-0.6954395,0.34838423,-0.6053052,0.7157053,0.8301718,0.55379134,0.064263895,1570.0,1258.0,1552.7391,1236.3606,-0.03978479,0.18755253,-0.058725387,-0.17858519,-0.98392445,0.98392445,-0.17858519,83572.0,73404.0,84185.0,93.0,82.0,105.0,0.09942969,-0.0330492,0.4016693,747.05255,932.7826,720.94653,115.12366,106.65005,116.7668,36.0,23.0,35.0,747.05255,828.977,689.63745,828.977,932.7826,769.45044,689.63745,769.45044,720.94653,-0.41081154,-0.6796529,-0.07859175,750376.0,695145.0,761086.0,149.0,143.0,159.0,-0.8153003,-0.71684146,-0.6988526,44.14748,10.867006,1554.0,1236.0,31.0,51.04163,336.8772,0.0
40,0,41,0,molt,0.0,0.0,0.0,0.0,0.0,1.0,1817.2252,1225.1758,36.4,1819.055,1224.2057,0.188059,12.1528015,0.9924207,1328.3,600.0,0.69666666,1818.5,1224.5,418.0,5.0,7.9192877,4.383833,50.36407,93.15753,114.28162,89.0,66.0,76.0,104.818184,88.07177,95.11244,1804.0,1215.0,50.36407,65.43171,56.525227,65.43171,93.15753,79.88428,56.525227,79.88428,114.28162,418.0,0.43917337,-0.41299632,-0.79784757,0.6113607,-0.5133517,0.60225254,0.6583045,0.75226593,-0.027039345,1834.0,1235.0,1819.055,1224.2057,-0.7977227,-0.58569545,-0.7956024,0.94963926,0.31334534,0.31334534,-0.94963926,43814.0,36814.0,39757.0,122.0,116.0,122.0,-0.07507564,-0.035845906,0.28637776,578.723,759.43427,981.49396,123.662834,115.00863,125.08319,55.0,40.0,40.0,578.723,655.07404,707.4507,655.07404,759.43427,819.61725,707.4507,819.61725,981.49396,-0.69376624,-1.0288097,-0.6476726,645149.0,600000.0,652559.0,152.0,145.0,166.0,-0.8251755,-0.6924124,-0.747321,32.649654,6.6887207,1818.0,1223.0,18.0,36.384777,120.39697,0.0
41,0,42,0,molt,0.0,0.0,0.0,0.0,0.18,0.82,894.502,1225.0526,61.75,899.8967,1226.0188,2.366838,9.476389,1.3590522,4139.5835,460.0,0.46304348,897.0,1225.5,213.0,4.0,6.2566614,3.7363803,24.052944,20.920055,62.581497,67.0,60.0,78.0,78.26291,68.57746,95.1831,886.0,1216.0,24.052944,19.035973,28.369701,19.035973,20.920055,25.316803,28.369701,25.316803,62.581497,213.0,0.4491845,-0.55840683,-0.69743466,0.40638936,-0.5674906,0.71610206,0.7956639,0.6050919,0.027977385,909.0,1236.0,899.8967,1226.0188,0.7720605,2.3161583,-0.4242111,0.8239764,-0.56662416,-0.56662416,-0.8239764,16670.0,14607.0,20274.0,95.0,86.0,117.0,0.62448955,1.1437403,0.08050848,415.46506,496.8123,261.12668,117.58665,110.97726,121.67572,62.0,55.0,70.0,415.46506,447.38394,272.588,447.38394,496.8123,296.19055,272.588,296.19055,261.12668,-0.3146579,-0.56058407,0.002573467,558419.0,527031.0,577838.0,143.0,138.0,154.0,-0.94769406,-0.85897183,-0.56821966,20.615528,4.8935146,900.0,1230.0,18.0,33.970562,88.08326,0.0
42,0,43,0,molt,0.0,0.0,0.01,0.0,0.17,0.82,1389.492,1249.4895,237.4,1382.753,1249.5072,2.7993903,26.222052,-1.2820381,20102.8,2912.0,0.59237635,1385.5,1249.5,1725.0,5.0,12.107861,11.987686,40.933167,32.594997,62.27431,66.0,59.0,65.0,78.61681,71.77333,80.85391,1358.0,1224.0,40.933167,32.53981,45.099384,32.53981,32.594997,39.61964,45.099384,39.61964,62.27431,1725.0,0.5468773,-0.50046873,-0.67116034,0.4808866,-0.4684496,0.7411498,0.6853271,0.7280701,0.015515743,1414.0,1276.0,1382.753,1249.5072,10.57238,13.448197,2.5183692,-0.36742315,-0.9300539,0.9300539,-0.36742315,135614.0,123809.0,139473.0,129.0,120.0,122.0,2.1401565,2.4852016,1.1541955,305.4299,385.33954,404.3608,126.6611,119.99861,129.19044,48.0,36.0,65.0,305.4299,336.94806,306.8225,336.94806,385.33954,353.14404,306.8225,353.14404,404.3608,1.0959824,0.5031652,-0.8689628,1001636.0,948949.0,1021638.0,149.0,141.0,161.0,-1.3449886,-1.1734384,-0.5211747,50.447994,28.865993,1393.0,1245.0,6.0,68.69849,225.30865,1.0
43,0,44,0,nymph,0.0,0.13,0.46766666,0.03,0.36233333,0.01,1480.5398,1343.4131,2150.5,1479.6033,1336.6235,-5.4317484,60.224358,0.04118233,4558043.0,20304.0,0.57633966,1480.0,1339.5,11702.0,4.0,43.15947,22.164024,84.40881,61.395947,101.93073,9.0,3.0,11.0,31.878397,23.232695,32.96018,1410.0,1268.0,84.40881,66.076065,78.856636,66.076065,61.395947,67.01986,78.856636,67.01986,101.93073,11702.0,0.58706176,-0.51646835,-0.6233931,0.49572402,-0.37945116,0.7812007,0.6400127,0.767644,-0.03326451,1551.0,1412.0,1479.6033,1336.6235,-0.22451739,0.30880308,3.0927541,-0.65899885,-0.752144,0.752144,-0.65899885,373041.0,271869.0,385700.0,70.0,61.0,90.0,0.58628106,0.6973556,1.4693508,870.8098,1061.2401,812.1329,108.81973,100.21748,111.42431,28.0,22.0,37.0,870.8098,953.3098,793.35046,953.3098,1061.2401,874.13855,793.35046,874.13855,812.1329,-0.9878045,-1.164267,-0.69890666,1725228.0,1588848.0,1766521.0,146.0,143.0,159.0,-0.58617014,-0.47234362,-0.5248133,168.07439,21.900568,1476.0,1340.0,107.0,190.37973,2343.3608,0.0
44,0,45,0,nymph,0.05,0.29,0.56,0.0,0.1,0.0,1989.8002,1362.6271,2853.5,1975.8918,1361.0276,-1.6546481,138.4375,-0.3998103,5488753.5,57964.0,0.70462704,1980.0,1361.5,40843.0,6.0,79.700554,41.46314,386.18655,197.59895,98.51202,10.0,0.0,0.0,44.28759,25.400436,24.714565,1812.0,1276.0,386.18655,252.39702,19.905632,252.39702,197.59895,53.24201,19.905632,53.24201,98.51202,40843.0,0.8140646,-0.2829418,-0.507191,0.5721318,0.24059723,0.78407794,0.09981967,0.9284702,-0.3577417,2149.0,1448.0,1975.8918,1361.0276,0.76206845,1.1966931,2.4886081,0.99854517,-0.053921476,-0.053921476,-0.99854517,1808838.0,1037430.0,1009417.0,114.0,85.0,77.0,1.2254316,1.3354778,1.24894,955.6077,1248.597,1279.792,115.45421,105.77175,116.74173,26.0,14.0,0.0,955.6077,1084.4518,1042.7483,1084.4518,1248.597,1208.7866,1042.7483,1208.7866,1279.792,-0.8735491,-1.0184377,-0.8559174,3177069.0,2910627.0,3212499.0,153.0,148.0,167.0,-0.7104541,-0.6375604,-0.56589574,335.3938,191.98885,1989.0,1353.0,2.0,383.9777,422.3625,2.0
45,0,46,0,nymph,0.0,0.06,0.93,0.0,0.01,0.0,762.9133,1426.6604,3509.0,778.7307,1404.9467,-0.5139259,97.095634,1.041434,18932066.0,44540.0,0.6060844,772.5,1413.5,26995.0,5.0,67.932304,32.364178,137.79526,67.50611,105.982475,9.0,0.0,1.0,37.569847,18.563623,25.696833,688.0,1283.0,137.79526,76.742836,61.636955,76.742836,67.50611,64.83652,61.636955,64.83652,105.982475,26995.0,0.67906106,-0.6483157,-0.3443295,0.49668133,0.060381237,0.8658301,0.5405402,0.75897354,-0.36300886,858.0,1545.0,778.7307,1404.9467,0.10336893,1.6549734,2.7855864,0.4189183,-0.90802395,0.90802395,0.4189183,1014198.0,501125.0,693686.0,90.0,71.0,81.0,0.6088636,1.1255134,1.5815394,846.9069,1206.0839,896.4664,109.99494,99.61674,111.75374,16.0,3.0,13.0,846.9069,998.76416,792.1672,998.76416,1206.0839,958.6648,792.1672,958.6648,896.4664,-0.9233812,-1.0710714,-0.3916829,2545063.0,2304932.0,2585758.0,148.0,143.0,157.0,-0.68995726,-0.64418274,-0.67134416,278.7723,26.454416,784.0,1411.0,156.0,309.94827,4126.8887,0.0
46,0,47,0,molt,0.0,0.0,0.0,0.0,0.0,1.0,1018.002,1439.6796,98.6,1016.58276,1444.3826,-0.4191242,20.629585,-0.14695902,5033.8,1677.0,0.7060227,1017.0,1443.0,1184.0,5.0,10.835125,9.057067,52.74356,80.58322,71.71073,95.0,80.0,86.0,111.1875,98.92061,105.66048,998.0,1422.0,52.74356,60.96083,47.39052,60.96083,80.58322,61.747536,47.39052,61.747536,71.71073,1184.0,0.50792694,-0.42377493,-0.74995005,0.6443656,-0.39086276,0.65728176,0.5716671,0.8170931,-0.07453627,1037.0,1465.0,1016.58276,1444.3826,-0.31005886,-0.22457813,0.45091084,0.2962699,-0.9551043,0.9551043,0.2962699,131646.0,117122.0,125102.0,133.0,128.0,137.0,0.39367417,0.43706545,0.62660146,95.25369,143.12508,151.56741,129.20633,122.36792,133.86205,81.0,69.0,96.0,95.25369,113.49774,103.51724,113.49774,143.12508,129.11586,103.51724,129.11586,151.56741,0.61338466,0.18598005,-0.85696954,869171.0,823169.0,900490.0,146.0,142.0,159.0,-0.94945616,-0.92196864,-0.2456329,28.178005,9.160346,1016.0,1444.0,33.0,53.112698,302.2914,0.0
47,0,48,0,larvae-nymph small,0.0,0.01,0.01,0.0,0.55,0.43,1254.0704,1484.347,459.16666,1247.6818,1473.3782,2.2840335,49.934032,1.5626074,308264.56,9680.0,0.7153926,1249.5,1476.5,6925.0,6.0,28.30645,19.749996,39.41306,35.606083,65.631134,42.0,37.0,49.0,65.87307,59.979637,67.08448,1206.0,1422.0,39.41306,33.48536,41.114838,33.48536,35.606083,35.378326,41.114838,35.378326,65.631134,6925.0,0.53654116,-0.37701106,-0.75497437,0.48677167,-0.5925403,0.64183277,0.68933076,0.71186984,0.13440394,1294.0,1532.0,1247.6818,1473.3782,1.2123533,1.5192447,1.1423857,-0.48463106,-0.87471867,0.87471867,-0.48463106,456171.0,415359.0,464560.0,95.0,88.0,108.0,0.44564965,0.0066541987,1.1659641,552.81934,690.2036,685.5563,118.05546,110.95367,121.06242,55.0,41.0,29.0,552.81934,611.05884,562.8617,611.05884,690.2036,635.76276,562.8617,635.76276,685.5563,-0.8579709,-0.9131722,0.22918344,1475221.0,1386477.0,1512796.0,149.0,141.0,161.0,-0.76045614,-0.7262448,-0.9540083,104.99524,27.529268,1244.0,1479.0,40.0,136.02438,1122.2418,1.0
48,0,49,0,nymph,0.0,0.22,0.76,0.0,0.02,0.0,1450.8339,1584.2344,3262.0,1441.0796,1600.5625,-1.6404817,93.51052,0.8327009,14475571.0,40581.0,0.5980878,1445.0,1594.0,24271.0,5.0,61.908596,32.055096,152.3132,72.3395,138.88202,8.0,1.0,0.0,43.975773,25.226484,23.267645,1362.0,1473.0,152.3132,77.30214,25.029722,77.30214,72.3395,61.79588,25.029722,61.79588,138.88202,24271.0,0.6694681,-0.62124825,-0.40726292,0.5253792,0.008393421,0.8508268,0.5251563,0.78356886,-0.33201003,1529.0,1716.0,1441.0796,1600.5625,-0.26287514,7.374406,8.029701,0.4804599,-0.87701666,0.87701666,0.4804599,1067336.0,612272.0,564729.0,114.0,107.0,115.0,0.09443202,1.5804675,2.0967495,1002.0965,1339.6855,1279.5942,115.016655,105.546875,116.78996,31.0,15.0,12.0,1002.0965,1146.969,1055.1038,1146.969,1339.6855,1245.6583,1055.1038,1245.6583,1279.5942,-0.8027223,-0.93131167,-0.32227933,2561651.0,2350740.0,2601146.0,151.0,145.0,167.0,-0.8565287,-0.8038065,-0.86966175,265.27155,28.541235,1440.0,1595.0,150.0,292.11984,4281.1855,0.0
49,0,50,0,molt,0.0,0.0,0.0,0.0,0.39,0.61,2028.178,1525.0767,203.4,2026.8704,1531.6794,-2.9286466,21.289482,0.4203005,46816.8,2112.0,0.51846594,2027.5,1528.5,1095.0,5.0,15.515618,6.415299,15.657102,9.887945,15.761076,67.0,61.0,68.0,78.40822,71.07214,79.227394,2012.0,1496.0,15.657102,9.198859,11.301693,9.198859,9.887945,8.053,11.301693,8.053,15.761076,1095.0,0.6352622,-0.44300404,-0.6326052,0.46149027,-0.43904603,0.77088606,0.61924845,0.7816559,0.074467294,2044.0,1562.0,2026.8704,1531.6794,0.3595193,0.37837842,-0.073810175,-0.2024578,-0.97929096,0.97929096,-0.2024578,85857.0,77824.0,86754.0,92.0,82.0,93.0,0.47049943,0.18548559,0.14266127,624.30396,697.0634,724.9595,122.7013,116.08023,131.47285,69.0,65.0,72.0,624.30396,653.2717,622.6762,653.2717,697.0634,675.9496,622.6762,675.9496,724.9595,-1.2759582,-1.3929983,-1.194358,922223.0,872459.0,988150.0,153.0,145.0,168.0,-0.6003286,-0.55248845,-0.53148544,59.03389,21.106602,2026.0,1528.0,6.0,75.769554,131.46803,1.0
50,0,51,0,larvae-nymph small,0.0,0.0,0.01,0.0,0.921,0.069,675.65405,1577.4854,791.25,686.07654,1569.2975,3.7893054,44.722527,-1.9345523,226666.92,8092.0,0.60887295,682.0,1572.5,4927.0,4.0,28.575245,14.492935,175.28485,152.57663,164.12604,10.0,3.0,14.0,36.33306,26.300182,37.30952,623.0,1539.0,175.28485,157.42265,131.45425,157.42265,152.57663,121.3599,131.45425,121.3599,164.12604,4927.0,0.6138101,-0.39025533,-0.6862492,0.5699273,-0.38245666,0.7272619,0.54627836,0.8375128,0.012338623,742.0,1607.0,686.07654,1569.2975,4.0259123,5.479666,2.008143,0.9906053,-0.13675228,-0.13675228,-0.9906053,179013.0,129581.0,183824.0,111.0,101.0,93.0,1.7682744,2.0215034,1.3689941,754.944,956.4348,722.41565,110.494995,100.83424,112.970314,27.0,15.0,35.0,754.944,840.6664,663.45306,840.6664,956.4348,748.6306,663.45306,748.6306,722.41565,-0.3277878,-0.74906427,-0.4876857,1313896.0,1199020.0,1343330.0,148.0,145.0,159.0,-0.86049086,-0.682398,-0.63464284,105.076164,53.62742,682.0,1571.0,4.0,137.46803,214.50967,0.0
51,0,52,0,larvae-nymph small,0.0,0.0,0.0,0.0,0.99,0.01,1221.5277,1600.5659,576.5,1215.6099,1605.6116,-3.3123686,40.658527,0.44840974,267307.66,7220.0,0.6806094,1217.5,1604.0,4914.0,4.0,25.768044,15.277141,66.9071,84.42118,191.53894,40.0,17.0,2.0,59.755596,36.53724,33.707775,1180.0,1557.0,66.9071,63.771107,58.031345,63.771107,84.42118,101.071526,58.031345,101.071526,191.53894,4914.0,0.35862833,-0.73185146,-0.57946455,0.51017064,-0.36618426,0.77822554,0.7817363,0.57471955,-0.24204506,1256.0,1652.0,1215.6099,1605.6116,0.53579587,1.4533412,0.33269247,0.49458224,-0.86913085,0.86913085,0.49458224,293639.0,179544.0,165640.0,94.0,79.0,85.0,0.79641855,1.1304699,0.8370145,461.69684,692.0743,622.53705,116.62516,105.593315,114.91446,55.0,37.0,25.0,461.69684,556.5826,483.6991,556.5826,692.0743,602.72406,483.6991,602.72406,622.53705,-0.7624261,-0.89495206,-0.122515954,1259785.0,1140619.0,1241306.0,147.0,142.0,158.0,-0.6432737,-0.5476066,-0.7346551,105.68822,17.508417,1215.0,1605.0,66.0,114.953316,1155.5555,0.0
52,0,53,0,molt,0.0,0.0,0.0,0.0,0.03,0.97,819.7563,1586.0504,29.75,822.30115,1585.9768,1.4330547,9.4970875,0.8390174,472.91666,378.0,0.6851852,821.5,1586.0,259.0,4.0,5.394927,4.006806,63.52368,82.92577,24.929502,88.0,68.0,86.0,105.52123,90.66409,96.49421,813.0,1576.0,63.52368,69.87393,4.2636366,69.87393,82.92577,6.625468,4.2636366,6.625468,24.929502,259.0,0.6548984,-0.08191604,-0.75126415,0.7528998,-0.015033423,0.6579634,0.065191835,0.9965258,-0.05182921,831.0,1597.0,822.30115,1585.9768,0.13295084,0.34412047,-0.19035845,0.4332241,-0.90128624,0.90128624,0.4332241,27330.0,23482.0,24992.0,128.0,115.0,110.0,0.5727067,0.61622745,0.3621115,779.0813,987.92004,615.60065,112.055374,102.967735,115.783516,18.0,14.0,40.0,779.0813,867.55725,611.41486,867.55725,987.92004,701.2559,611.41486,701.2559,615.60065,0.50327206,-0.19202451,-0.35278735,513998.0,472313.0,531099.0,144.0,138.0,157.0,-1.1579418,-0.930987,-0.53486335,15.0,5.9168153,823.0,1586.0,16.0,25.727922,94.669044,0.0
53,0,54,0,larvae-nymph small,0.0,0.0,0.0,0.0,0.83,0.17,1622.5209,1662.5641,282.6,1628.0442,1649.2883,2.2496018,44.30492,1.614277,144534.8,5054.0,0.72041947,1626.5,1653.0,3641.0,5.0,33.51105,8.773677,44.508827,42.453957,89.17683,22.0,10.0,14.0,38.54573,27.929415,35.889866,1608.0,1587.0,44.508827,38.5057,50.467686,38.5057,42.453957,49.066933,50.467686,49.066933,89.17683,3641.0,0.4937331,-0.5169107,-0.6993075,0.48038882,-0.5081971,0.7148163,0.7248822,0.688868,0.0025956344,1646.0,1720.0,1628.0442,1649.2883,0.579387,1.067301,1.8890291,0.10843241,-0.99410385,0.99410385,0.10843241,140345.0,101691.0,130675.0,66.0,58.0,83.0,0.644902,0.61939615,1.1157379,916.5941,1114.9688,1112.7573,115.93608,106.921684,119.097916,36.0,22.0,30.0,916.5941,1004.4229,963.5816,1004.4229,1114.9688,1071.1677,963.5816,1071.1677,1112.7573,-0.36637914,-0.6208851,-0.67219776,1336743.0,1232807.0,1373199.0,150.0,145.0,165.0,-0.9709571,-0.85424775,-0.6761421,122.0041,13.727219,1629.0,1653.0,55.0,145.76955,754.9971,0.0
54,0,55,0,larvae-nymph small,0.0,0.0,0.03,0.0,0.87,0.1,841.1355,1642.5776,616.25,845.32355,1662.9327,-0.42939654,44.740982,1.0199498,425166.25,7800.0,0.6839744,844.0,1656.5,5335.0,4.0,30.97668,14.293692,139.23172,83.53486,154.61629,22.0,11.0,10.0,50.10497,32.682285,33.807312,812.0,1597.0,139.23172,100.46034,-6.1366625,100.46034,83.53486,13.359961,-6.1366625,13.359961,154.61629,5335.0,-0.7926286,0.10043193,0.60137624,-0.6073859,-0.044123765,-0.7931806,-0.053125672,-0.993965,0.09597469,877.0,1717.0,845.32355,1662.9327,-0.9237181,-0.30822557,0.49963826,-0.25305912,-0.9674508,0.9674508,-0.25305912,267310.0,174360.0,180362.0,83.0,70.0,82.0,0.21126619,0.48417544,1.0170717,681.2119,918.93256,764.89886,117.82768,108.881386,121.22281,18.0,14.0,37.0,681.2119,783.5422,658.6952,783.5422,918.93256,775.1248,658.6952,775.1248,764.89886,0.44618025,-0.10218189,-0.621462,1397672.0,1291551.0,1437945.0,146.0,138.0,159.0,-1.2617662,-1.1135191,-0.70926356,122.77622,16.192139,845.0,1657.0,63.0,138.46803,1020.1047,0.0
55,0,56,0,molt,0.0,0.0,0.0,0.0,0.3,0.7,1828.4579,1624.7797,230.6,1831.6901,1623.1454,-1.6707261,19.467323,0.54602844,45516.3,2205.0,0.4770975,1830.0,1624.0,1052.0,5.0,13.662973,8.197867,28.278387,19.676243,56.355816,62.0,54.0,61.0,74.488594,67.23194,77.60076,1808.0,1600.0,28.278387,20.42565,32.172253,20.42565,19.676243,26.973778,32.172253,26.973778,56.355816,1052.0,0.5068716,-0.6372608,-0.5804997,0.41855392,-0.40676627,0.81200606,0.7535873,0.65455323,-0.060549747,1853.0,1649.0,1831.6901,1623.1454,-0.1543386,-0.20197615,0.53345644,0.5331772,-0.8460036,0.8460036,0.5331772,78362.0,70728.0,81636.0,91.0,82.0,107.0,0.45257568,0.2890914,0.69266057,587.2437,670.4075,686.38165,119.56486,112.10844,125.37063,62.0,54.0,63.0,587.2437,620.6358,591.6079,620.6358,670.4075,646.35254,591.6079,646.35254,686.38165,-1.1432687,-1.2667481,-1.0720611,865530.0,811553.0,907558.0,150.0,145.0,165.0,-0.5888644,-0.512082,-0.37490496,7.81025,20.365993,1828.0,1624.0,6.0,70.74011,145.7523,1.0
56,0,57,0,molt,0.0,0.0,0.0,0.0,0.27,0.73,1112.7328,1634.2722,148.75,1114.566,1630.985,2.151308,22.480116,-1.070361,3000.25,1927.0,0.6912299,1114.0,1632.0,1332.0,4.0,11.683289,9.333169,15.299544,14.955457,49.26989,67.0,60.0,68.0,78.83559,71.317566,84.019516,1091.0,1612.0,15.299544,11.903564,20.835793,11.903564,14.955457,19.875183,20.835793,19.875183,49.26989,1332.0,0.4069235,-0.54056364,-0.7363452,0.3927913,-0.62422484,0.67532086,0.82469887,0.5640339,0.041683067,1138.0,1653.0,1114.566,1630.985,0.71760213,1.0321277,0.56043804,0.947971,-0.31835678,-0.31835678,-0.947971,105009.0,94995.0,111914.0,95.0,87.0,111.0,0.6227785,0.2621034,0.76765966,370.44406,452.18918,319.222,125.4932,118.7466,134.59892,65.0,59.0,76.0,370.44406,403.21667,317.33087,403.21667,452.18918,351.75403,317.33087,351.75403,319.222,-0.11153076,-0.22981957,-0.26695332,867660.0,821014.0,930617.0,147.0,142.0,162.0,-1.1259322,-1.0954984,-0.83168423,46.32494,10.399272,1115.0,1631.0,32.0,53.698486,332.7767,0.0
57,0,58,0,molt,0.0,0.0,0.01,0.0,0.09,0.9,1796.3965,1673.2354,788.7778,1801.1654,1678.4836,0.7265473,36.29451,1.5852365,2015221.5,10695.0,0.3362319,1798.0,1675.0,3596.0,9.0,35.41155,13.335662,230.66898,202.25217,213.01733,48.0,40.0,48.0,88.42658,76.92325,83.07202,1752.0,1618.0,230.66898,210.36589,196.31717,210.36589,202.25217,190.07033,196.31717,190.07033,213.01733,3596.0,0.60049576,-0.527547,-0.60091513,0.5673896,-0.24842064,0.7850836,0.56344825,0.81239235,-0.15014915,1845.0,1733.0,1801.1654,1678.4836,-0.5747528,-0.2652993,0.5402079,0.5280216,-0.84923095,0.84923095,0.5280216,317982.0,276616.0,298727.0,131.0,123.0,139.0,0.009186201,0.19116305,0.52652013,479.01724,551.9661,596.84485,124.760666,117.18161,131.51065,52.0,46.0,60.0,479.01724,508.21307,496.98727,508.21307,551.9661,543.17975,496.98727,543.17975,596.84485,-0.08999791,-0.4307803,-0.5262003,1716083.0,1611833.0,1808929.0,152.0,147.0,169.0,-1.0293428,-0.90209365,-0.6890292,93.60555,61.612698,1805.0,1676.0,4.0,185.92389,315.2914,4.0
58,0,59,0,nymph,0.01,0.09,0.89666665,0.0,0.0033333334,0.0,1211.4478,1772.3088,4753.75,1185.0634,1758.1783,-1.2130134,113.59758,0.8688901,20327908.0,50490.0,0.6233908,1195.0,1763.5,31475.0,4.0,73.08202,35.053093,96.75472,96.419235,119.19679,15.0,0.0,3.0,41.64934,22.46653,25.492392,1047.0,1679.0,96.75472,85.93792,71.93215,85.93792,96.419235,86.04164,71.93215,86.04164,119.19679,31475.0,0.5473525,-0.6167677,-0.56568795,0.5798187,-0.2079561,0.7877591,0.60350263,0.7591784,-0.24378817,1344.0,1849.0,1185.0634,1758.1783,3.0980892,8.297983,5.881842,0.9317715,-0.36304516,-0.36304516,-0.9317715,1310913.0,707134.0,802373.0,101.0,86.0,87.0,1.1029317,2.2350006,2.0953019,820.891,1134.9375,983.9537,113.74337,102.86225,115.00334,25.0,16.0,20.0,820.891,957.71704,842.4361,957.71704,1134.9375,997.2076,842.4361,997.2076,983.9537,-0.6527583,-0.8206855,-0.5867456,2857006.0,2583694.0,2888654.0,150.0,142.0,163.0,-0.8003672,-0.7364417,-0.64953196,308.4234,28.092676,1193.0,1756.0,184.0,341.1493,5169.0522,0.0
59,0,60,0,larvae-nymph small,0.0,0.0,0.01,0.0,0.94,0.05,1555.9883,1732.7106,663.5,1547.8827,1742.9303,1.5228436,40.489326,1.4175953,381153.66,6901.0,0.6154181,1551.0,1739.0,4247.0,4.0,26.132208,13.296102,122.926445,117.12089,143.01736,35.0,21.0,16.0,61.55969,41.804333,40.609608,1518.0,1688.0,122.926445,114.8166,104.94678,114.8166,117.12089,107.813416,104.94678,107.813416,143.01736,4247.0,0.5706538,-0.50495,-0.6475954,0.56598026,-0.32954302,0.7556903,0.59499633,0.7977637,-0.09773676,1585.0,1791.0,1547.8827,1742.9303,0.3389196,0.027250433,0.39903396,0.37270913,-0.92794824,0.92794824,0.37270913,261444.0,177543.0,172469.0,102.0,81.0,90.0,0.7630285,0.78533936,0.8739025,698.8881,1063.364,1479.8329,115.86553,103.09884,111.29651,49.0,17.0,2.0,698.8881,855.3205,975.77954,855.3205,1063.364,1208.2968,975.77954,1208.2968,1479.8329,-0.585115,-0.59869987,-0.06691245,1235590.0,1099446.0,1186866.0,148.0,141.0,165.0,-0.8121452,-0.77629435,-0.8949489,99.368004,15.111036,1545.0,1740.0,65.0,114.91169,982.2174,0.0
